L,Y_a0,Y_a1,A,Y
1,0.7482333124321735,0.8482333124321735,1,0.8482333124321735
0,0.5703471129545121,0.6703471129545121,0,0.5703471129545121
1,0.7532843353365394,0.8532843353365394,1,0.8532843353365394
1,0.9192553447340492,1.0192553447340493,0,0.9192553447340492
1,0.8394698871524073,0.9394698871524073,1,0.9394698871524073
0,0.5268777946570061,0.6268777946570061,0,0.5268777946570061
0,0.4148382398821043,0.5148382398821043,0,0.4148382398821043
1,0.6005563068725515,0.7005563068725514,0,0.6005563068725515
1,0.6617973572241229,0.7617973572241229,1,0.7617973572241229
0,0.3678144616553939,0.46781446165539387,0,0.3678144616553939
0,0.40853212533360844,0.5085321253336085,0,0.40853212533360844
0,0.44450776176279194,0.5445077617627919,0,0.44450776176279194
0,0.425926832595439,0.525926832595439,0,0.425926832595439
0,0.5349934655054432,0.6349934655054432,1,0.6349934655054432
1,0.6665405567288171,0.766540556728817,1,0.766540556728817
0,0.4370977538056256,0.5370977538056256,0,0.4370977538056256
0,0.6261021594133575,0.7261021594133574,1,0.7261021594133574
0,0.6092442327105532,0.7092442327105531,0,0.6092442327105532
0,0.3793584173272323,0.4793584173272323,0,0.3793584173272323
0,0.48285992258705496,0.582859922587055,0,0.48285992258705496
0,0.3908133339980633,0.49081333399806326,0,0.3908133339980633
0,0.29013170516794085,0.3901317051679408,1,0.3901317051679408
0,0.5056962458713936,0.6056962458713936,0,0.5056962458713936
1,0.6486697995076369,0.7486697995076369,1,0.7486697995076369
0,0.6238799394015547,0.7238799394015547,0,0.6238799394015547
0,0.4742982221214569,0.5742982221214569,0,0.4742982221214569
0,0.5339097586334558,0.6339097586334558,0,0.5339097586334558
0,0.49894867599683757,0.5989486759968375,0,0.49894867599683757
1,0.6537501939111174,0.7537501939111174,1,0.7537501939111174
1,0.6817150693951415,0.7817150693951415,0,0.6817150693951415
1,0.662734279790051,0.7627342797900509,0,0.662734279790051
1,0.6575059533475612,0.7575059533475612,1,0.7575059533475612
0,0.5029293340746761,0.6029293340746761,0,0.5029293340746761
0,0.5130137920473408,0.6130137920473407,0,0.5130137920473408
1,0.6635554281586835,0.7635554281586835,0,0.6635554281586835
1,0.5561017874526983,0.6561017874526983,1,0.6561017874526983
0,0.49307770144141116,0.5930777014414111,1,0.5930777014414111
1,0.6508066167505353,0.7508066167505353,1,0.7508066167505353
1,0.677145592976528,0.777145592976528,1,0.777145592976528
0,0.6727861074617023,0.7727861074617023,0,0.6727861074617023
0,0.4617226166792645,0.5617226166792645,0,0.4617226166792645
0,0.4371530854972121,0.5371530854972121,0,0.4371530854972121
1,0.7629331593407569,0.8629331593407569,0,0.7629331593407569
0,0.5830492034296567,0.6830492034296567,0,0.5830492034296567
0,0.529029302439983,0.629029302439983,1,0.629029302439983
0,0.511511257231241,0.611511257231241,1,0.611511257231241
0,0.5987927752603832,0.6987927752603832,0,0.5987927752603832
1,0.6891628475258504,0.7891628475258504,1,0.7891628475258504
0,0.46123258455347915,0.5612325845534791,0,0.46123258455347915
1,0.8192119633195136,0.9192119633195136,1,0.9192119633195136
0,0.32004158192702176,0.4200415819270218,0,0.32004158192702176
1,0.6210119813971455,0.7210119813971455,1,0.7210119813971455
0,0.482969962178156,0.582969962178156,1,0.582969962178156
0,0.4410825213178534,0.5410825213178534,0,0.4410825213178534
1,0.5428908479307692,0.6428908479307692,1,0.6428908479307692
1,0.6377748317043145,0.7377748317043145,1,0.7377748317043145
1,0.7660397180972051,0.866039718097205,1,0.866039718097205
1,0.5239905603964828,0.6239905603964828,1,0.6239905603964828
1,0.32246751328982376,0.4224675132898238,0,0.32246751328982376
1,0.6918868565298392,0.7918868565298391,1,0.7918868565298391
0,0.4691580271771102,0.5691580271771102,0,0.4691580271771102
0,0.38788177287607983,0.4878817728760798,0,0.38788177287607983
0,0.3131459959592652,0.41314599595926516,1,0.41314599595926516
0,0.43257564356815764,0.5325756435681577,1,0.5325756435681577
1,0.6180451000428482,0.7180451000428482,0,0.6180451000428482
0,0.5939601657725764,0.6939601657725764,1,0.6939601657725764
0,0.4230652198385691,0.5230652198385691,0,0.4230652198385691
0,0.45011312759954997,0.55011312759955,0,0.45011312759954997
1,0.6678207887090356,0.7678207887090356,1,0.7678207887090356
1,0.7024265697260922,0.8024265697260922,1,0.8024265697260922
0,0.4936047470322374,0.5936047470322374,0,0.4936047470322374
0,0.517348286451701,0.6173482864517009,0,0.517348286451701
0,0.4863874485912501,0.5863874485912501,0,0.4863874485912501
1,0.7525462865273974,0.8525462865273974,1,0.8525462865273974
1,0.7686477410110488,0.8686477410110488,1,0.8686477410110488
0,0.5103821062181797,0.6103821062181797,0,0.5103821062181797
1,0.6016878973204325,0.7016878973204325,1,0.7016878973204325
1,0.6941227451096905,0.7941227451096905,1,0.7941227451096905
0,0.4240612566678203,0.5240612566678203,1,0.5240612566678203
1,0.890543622063061,0.990543622063061,1,0.990543622063061
1,0.5294736980563649,0.6294736980563649,1,0.6294736980563649
0,0.6176431599037812,0.7176431599037811,0,0.6176431599037812
1,0.7830668030733421,0.8830668030733421,1,0.8830668030733421
1,0.6680309749581043,0.7680309749581042,0,0.6680309749581043
0,0.6228533989372274,0.7228533989372273,1,0.7228533989372273
1,0.8527227778275202,0.9527227778275201,1,0.9527227778275201
0,0.513064564771654,0.6130645647716539,0,0.513064564771654
1,0.9241651604716419,1.024165160471642,1,1.024165160471642
0,0.5802054246518862,0.6802054246518862,0,0.5802054246518862
0,0.3030703190552474,0.4030703190552474,0,0.3030703190552474
0,0.36872125573625514,0.4687212557362551,0,0.36872125573625514
1,0.733861976877139,0.833861976877139,1,0.833861976877139
0,0.4695388509934728,0.5695388509934728,0,0.4695388509934728
0,0.545107058953494,0.645107058953494,0,0.545107058953494
1,0.6627703671486325,0.7627703671486324,0,0.6627703671486325
0,0.4182108543232138,0.5182108543232138,0,0.4182108543232138
1,0.758468523551509,0.8584685235515089,1,0.8584685235515089
0,0.5556197873048023,0.6556197873048023,1,0.6556197873048023
0,0.5318689277010593,0.6318689277010593,0,0.5318689277010593
0,0.476478450948948,0.576478450948948,0,0.476478450948948
0,0.6210677170685269,0.7210677170685269,0,0.6210677170685269
0,0.5228823352263262,0.6228823352263262,0,0.5228823352263262
1,0.7152724057131477,0.8152724057131476,0,0.7152724057131477
1,1.033351648254366,1.1333516482543662,1,1.1333516482543662
0,0.24169540982036591,0.34169540982036595,0,0.24169540982036591
0,0.3500652106243447,0.4500652106243447,0,0.3500652106243447
1,0.44066366250983224,0.5406636625098322,1,0.5406636625098322
1,0.7022369125589333,0.8022369125589333,1,0.8022369125589333
1,0.4821844719255852,0.5821844719255852,1,0.5821844719255852
0,0.4725862183936493,0.5725862183936493,1,0.5725862183936493
0,0.649942250271267,0.7499422502712669,0,0.649942250271267
0,0.6067388686249274,0.7067388686249274,0,0.6067388686249274
1,0.6377667120467486,0.7377667120467486,0,0.6377667120467486
0,0.4271561525474815,0.5271561525474815,0,0.4271561525474815
0,0.4903480687571085,0.5903480687571085,1,0.5903480687571085
1,0.7931143247998003,0.8931143247998002,1,0.8931143247998002
0,0.5152137881148154,0.6152137881148154,1,0.6152137881148154
0,0.5709155929303802,0.6709155929303802,0,0.5709155929303802
1,0.8142740960586942,0.9142740960586941,1,0.9142740960586941
0,0.4081431721696217,0.5081431721696217,0,0.4081431721696217
0,0.5667084253160105,0.6667084253160105,0,0.5667084253160105
0,0.5830118337533607,0.6830118337533607,0,0.5830118337533607
0,0.4623990092168828,0.5623990092168828,0,0.4623990092168828
1,0.8341818487686884,0.9341818487686884,0,0.8341818487686884
1,0.6997104952849257,0.7997104952849257,1,0.7997104952849257
0,0.5414330715041566,0.6414330715041566,0,0.5414330715041566
0,0.5018658801354222,0.6018658801354222,0,0.5018658801354222
0,0.5564702313878577,0.6564702313878577,1,0.6564702313878577
0,0.4365118291303799,0.5365118291303799,0,0.4365118291303799
1,0.5871753474795854,0.6871753474795854,1,0.6871753474795854
0,0.478786202051384,0.578786202051384,0,0.478786202051384
0,0.43006881626324905,0.5300688162632491,0,0.43006881626324905
0,0.44126328765929823,0.5412632876592982,0,0.44126328765929823
0,0.5285586092226819,0.6285586092226819,0,0.5285586092226819
0,0.5905109640259885,0.6905109640259884,0,0.5905109640259885
0,0.533886016671425,0.633886016671425,1,0.633886016671425
0,0.3742643774152602,0.4742643774152602,0,0.3742643774152602
1,0.701998537307429,0.801998537307429,1,0.801998537307429
0,0.6036539171955223,0.7036539171955223,0,0.6036539171955223
1,0.730249992955148,0.830249992955148,0,0.730249992955148
0,0.4977970848797246,0.5977970848797246,1,0.5977970848797246
0,0.4691547368075284,0.5691547368075284,0,0.4691547368075284
1,0.7981531095276093,0.8981531095276093,1,0.8981531095276093
0,0.44613720564203935,0.5461372056420394,1,0.5461372056420394
0,0.448941790723169,0.548941790723169,0,0.448941790723169
0,0.5497695643195116,0.6497695643195116,0,0.5497695643195116
0,0.6293936090049786,0.7293936090049786,0,0.6293936090049786
1,0.5627484830056063,0.6627484830056063,1,0.6627484830056063
1,0.7349777854156188,0.8349777854156187,0,0.7349777854156188
0,0.615004870063429,0.7150048700634289,0,0.615004870063429
1,0.6043053156991961,0.7043053156991961,1,0.7043053156991961
1,0.6357860116165581,0.7357860116165581,1,0.7357860116165581
0,0.5344539532835463,0.6344539532835463,0,0.5344539532835463
1,0.6667591320830542,0.7667591320830541,1,0.7667591320830541
0,0.3700322959805843,0.47003229598058427,0,0.3700322959805843
0,0.36062551547243293,0.4606255154724329,0,0.36062551547243293
1,0.6423385159417905,0.7423385159417905,1,0.7423385159417905
0,0.48211225585259204,0.5821122558525921,0,0.48211225585259204
1,0.70578286730603,0.80578286730603,1,0.80578286730603
0,0.43294724116532324,0.5329472411653232,0,0.43294724116532324
0,0.34787484380449507,0.44787484380449505,1,0.44787484380449505
1,0.6021451359247479,0.7021451359247479,1,0.7021451359247479
0,0.5621053284964618,0.6621053284964618,0,0.5621053284964618
0,0.48557420542278407,0.585574205422784,1,0.585574205422784
0,0.3572565815968891,0.4572565815968891,0,0.3572565815968891
1,0.7273207794607192,0.8273207794607191,0,0.7273207794607192
0,0.41518565320534984,0.5151856532053498,0,0.41518565320534984
1,0.7199990289459499,0.8199990289459499,1,0.8199990289459499
0,0.46884965434921705,0.5688496543492171,0,0.46884965434921705
0,0.41948291843298563,0.5194829184329857,1,0.5194829184329857
0,0.591134081253086,0.691134081253086,0,0.591134081253086
1,0.7375696509678867,0.8375696509678867,1,0.8375696509678867
0,0.6524108121089505,0.7524108121089504,0,0.6524108121089505
0,0.4561619036860505,0.5561619036860505,0,0.4561619036860505
1,0.641937268247983,0.741937268247983,1,0.741937268247983
0,0.5857508456386207,0.6857508456386207,0,0.5857508456386207
0,0.5128047591546336,0.6128047591546336,0,0.5128047591546336
0,0.47879231602281264,0.5787923160228127,0,0.47879231602281264
0,0.549668722434083,0.649668722434083,0,0.549668722434083
0,0.3938961693505682,0.49389616935056824,0,0.3938961693505682
1,0.7876918892046442,0.8876918892046441,0,0.7876918892046442
0,0.6994220697181153,0.7994220697181152,1,0.7994220697181152
0,0.4370988536994,0.5370988536994,0,0.4370988536994
0,0.354759071445647,0.454759071445647,1,0.454759071445647
1,0.5701251744994635,0.6701251744994635,1,0.6701251744994635
0,0.5611372893587582,0.6611372893587582,0,0.5611372893587582
1,0.5898221695194727,0.6898221695194727,1,0.6898221695194727
1,0.8328151059812695,0.9328151059812695,1,0.9328151059812695
1,0.6783413944570234,0.7783413944570233,1,0.7783413944570233
1,0.8136222029582174,0.9136222029582174,1,0.9136222029582174
0,0.42720344055317216,0.5272034405531721,0,0.42720344055317216
0,0.5090481502075996,0.6090481502075996,0,0.5090481502075996
0,0.5917903462341846,0.6917903462341846,0,0.5917903462341846
1,0.7252609148051857,0.8252609148051857,0,0.7252609148051857
0,0.5758090556086798,0.6758090556086798,1,0.6758090556086798
0,0.43819845947013425,0.5381984594701342,0,0.43819845947013425
1,0.8732590864934233,0.9732590864934233,1,0.9732590864934233
0,0.3390060555508303,0.4390060555508303,1,0.4390060555508303
0,0.6357234722770972,0.7357234722770972,0,0.6357234722770972
0,0.4407382525729992,0.5407382525729992,1,0.5407382525729992
0,0.624551040115987,0.724551040115987,0,0.624551040115987
0,0.7005527756159909,0.8005527756159909,0,0.7005527756159909
1,0.6325332421043178,0.7325332421043178,1,0.7325332421043178
0,0.45204506043374687,0.5520450604337469,0,0.45204506043374687
1,0.6887805018611127,0.7887805018611127,1,0.7887805018611127
1,0.5476571966249901,0.6476571966249901,0,0.5476571966249901
1,0.5437461283232693,0.6437461283232693,1,0.6437461283232693
0,0.5911218446538653,0.6911218446538653,0,0.5911218446538653
1,0.6034758128839101,0.70347581288391,0,0.6034758128839101
0,0.5070271135539177,0.6070271135539177,1,0.6070271135539177
1,0.7412092813394434,0.8412092813394434,1,0.8412092813394434
1,0.6424753430945571,0.7424753430945571,1,0.7424753430945571
0,0.48008806466257337,0.5800880646625733,0,0.48008806466257337
1,0.6696446835420024,0.7696446835420023,1,0.7696446835420023
0,0.4543814024500288,0.5543814024500288,1,0.5543814024500288
0,0.42991724976325696,0.5299172497632569,0,0.42991724976325696
0,0.5241882218301699,0.6241882218301699,0,0.5241882218301699
1,0.75131653613659,0.85131653613659,1,0.85131653613659
1,0.7507267849959484,0.8507267849959483,1,0.8507267849959483
1,0.6253297505983579,0.7253297505983579,1,0.7253297505983579
1,0.5929257072603366,0.6929257072603365,1,0.6929257072603365
0,0.4125126692975375,0.5125126692975375,1,0.5125126692975375
0,0.5215477764955175,0.6215477764955175,0,0.5215477764955175
0,0.4776059384155735,0.5776059384155735,0,0.4776059384155735
0,0.44685110139111117,0.5468511013911111,1,0.5468511013911111
1,0.694776060390901,0.794776060390901,1,0.794776060390901
0,0.5485555942525826,0.6485555942525826,0,0.5485555942525826
1,0.7036961914914837,0.8036961914914836,1,0.8036961914914836
0,0.4360945839783873,0.5360945839783873,0,0.4360945839783873
0,0.4479284662385696,0.5479284662385696,1,0.5479284662385696
1,0.7115972635837358,0.8115972635837357,1,0.8115972635837357
0,0.6210381660878856,0.7210381660878856,1,0.7210381660878856
0,0.5092265423210456,0.6092265423210456,0,0.5092265423210456
1,0.5933313577812509,0.6933313577812509,1,0.6933313577812509
0,0.34117283722017966,0.44117283722017964,0,0.34117283722017966
0,0.4382937534329609,0.5382937534329609,0,0.4382937534329609
1,0.7736708505053129,0.8736708505053129,1,0.8736708505053129
1,0.45485553243791277,0.5548555324379127,1,0.5548555324379127
1,0.8050875539633597,0.9050875539633597,1,0.9050875539633597
0,0.5155983793672234,0.6155983793672234,0,0.5155983793672234
0,0.5838692725060652,0.6838692725060652,1,0.6838692725060652
0,0.43708432964877775,0.5370843296487777,0,0.43708432964877775
0,0.46340353042623605,0.563403530426236,0,0.46340353042623605
1,0.7007424237070657,0.8007424237070657,0,0.7007424237070657
0,0.37681263205578913,0.47681263205578917,0,0.37681263205578913
0,0.5938864348100586,0.6938864348100586,0,0.5938864348100586
0,0.4517072197471185,0.5517072197471186,1,0.5517072197471186
0,0.6327347989364573,0.7327347989364573,0,0.6327347989364573
0,0.6421728848876488,0.7421728848876488,0,0.6421728848876488
1,0.5836935068130433,0.6836935068130433,0,0.5836935068130433
0,0.45400399802041363,0.5540039980204137,0,0.45400399802041363
1,0.6514791141096429,0.7514791141096429,1,0.7514791141096429
0,0.5122275364945736,0.6122275364945736,1,0.6122275364945736
0,0.39868552914875954,0.4986855291487595,0,0.39868552914875954
1,0.622058011917891,0.722058011917891,1,0.722058011917891
0,0.4726984218857523,0.5726984218857523,0,0.4726984218857523
1,0.5827667714124352,0.6827667714124351,1,0.6827667714124351
0,0.4542959687042135,0.5542959687042135,1,0.5542959687042135
0,0.5945371428597069,0.6945371428597069,0,0.5945371428597069
1,0.6462248409484491,0.7462248409484491,1,0.7462248409484491
0,0.38999537758380576,0.48999537758380574,0,0.38999537758380576
0,0.6505036938461166,0.7505036938461166,0,0.6505036938461166
1,0.6753450922893705,0.7753450922893704,1,0.7753450922893704
1,0.6955537177393591,0.7955537177393591,1,0.7955537177393591
0,0.5411270598899058,0.6411270598899058,0,0.5411270598899058
1,0.6964344004461588,0.7964344004461588,1,0.7964344004461588
1,0.5701126169199119,0.6701126169199119,1,0.6701126169199119
0,0.3603987305093231,0.4603987305093231,0,0.3603987305093231
1,0.7468593285959456,0.8468593285959456,0,0.7468593285959456
1,0.8732420879468676,0.9732420879468676,0,0.8732420879468676
1,0.5640943290022975,0.6640943290022975,1,0.6640943290022975
0,0.6716764207877848,0.7716764207877848,0,0.6716764207877848
0,0.4409428686746474,0.5409428686746474,0,0.4409428686746474
0,0.6006663188902915,0.7006663188902915,0,0.6006663188902915
1,0.6473172286945761,0.7473172286945761,1,0.7473172286945761
0,0.4705586323262878,0.5705586323262878,0,0.4705586323262878
0,0.37230676348173053,0.4723067634817305,0,0.37230676348173053
0,0.43618768929967205,0.5361876892996721,0,0.43618768929967205
0,0.5777489477759287,0.6777489477759286,1,0.6777489477759286
0,0.5707005520992303,0.6707005520992303,1,0.6707005520992303
0,0.4719766615174592,0.5719766615174592,0,0.4719766615174592
0,0.42646582733138333,0.5264658273313834,0,0.42646582733138333
0,0.37246645481994267,0.47246645481994265,1,0.47246645481994265
1,0.7520388008594856,0.8520388008594856,1,0.8520388008594856
0,0.5416345119183948,0.6416345119183948,0,0.5416345119183948
0,0.5493699976076912,0.6493699976076912,0,0.5493699976076912
0,0.4660944059246224,0.5660944059246225,1,0.5660944059246225
0,0.6253222421109601,0.7253222421109601,0,0.6253222421109601
0,0.3961816453359588,0.49618164533595877,0,0.3961816453359588
1,0.60317528004565,0.70317528004565,0,0.60317528004565
1,0.5319505231600656,0.6319505231600656,0,0.5319505231600656
0,0.490606678228092,0.590606678228092,0,0.490606678228092
1,0.7045442977447804,0.8045442977447804,0,0.7045442977447804
0,0.44823253681823294,0.5482325368182329,0,0.44823253681823294
0,0.49416036997555723,0.5941603699755572,0,0.49416036997555723
0,0.6504675186750789,0.7504675186750789,1,0.7504675186750789
0,0.6459761955942204,0.7459761955942203,0,0.6459761955942204
1,0.7614158749581477,0.8614158749581476,1,0.8614158749581476
0,0.3404538922376219,0.4404538922376219,0,0.3404538922376219
0,0.45896578575513425,0.5589657857551342,0,0.45896578575513425
0,0.44225026683745833,0.5422502668374584,0,0.44225026683745833
1,0.7149959585392589,0.8149959585392589,1,0.8149959585392589
0,0.5210047156899394,0.6210047156899394,1,0.6210047156899394
0,0.4759186347950826,0.5759186347950827,0,0.4759186347950826
0,0.4428835107167628,0.5428835107167628,1,0.5428835107167628
0,0.32456043243307914,0.42456043243307917,0,0.32456043243307914
0,0.4468952301594256,0.5468952301594256,0,0.4468952301594256
1,0.7496752564291136,0.8496752564291136,1,0.8496752564291136
0,0.48946328264182754,0.5894632826418276,1,0.5894632826418276
1,0.8207301624622089,0.9207301624622088,1,0.9207301624622088
0,0.4788053436606094,0.5788053436606094,1,0.5788053436606094
1,0.635492767523254,0.735492767523254,1,0.735492767523254
1,0.6346634621999546,0.7346634621999546,0,0.6346634621999546
0,0.3551096676776666,0.4551096676776666,0,0.3551096676776666
1,0.7522343391180505,0.8522343391180505,0,0.7522343391180505
0,0.3633622960951064,0.4633622960951064,0,0.3633622960951064
0,0.6645044222413881,0.764504422241388,0,0.6645044222413881
0,0.4234623667915383,0.5234623667915383,1,0.5234623667915383
1,0.6449385996341466,0.7449385996341465,0,0.6449385996341466
1,0.6444019182570421,0.744401918257042,1,0.744401918257042
1,0.745908967814227,0.845908967814227,1,0.845908967814227
1,0.7904737189410789,0.8904737189410789,1,0.8904737189410789
1,0.7659091599041143,0.8659091599041143,1,0.8659091599041143
1,0.8730469911715608,0.9730469911715608,1,0.9730469911715608
1,0.616217666094462,0.716217666094462,1,0.716217666094462
0,0.5941707450154883,0.6941707450154883,1,0.6941707450154883
1,0.8226197704305617,0.9226197704305616,1,0.9226197704305616
0,0.45586473823328233,0.5558647382332823,0,0.45586473823328233
1,0.7406179521338901,0.8406179521338901,1,0.8406179521338901
0,0.5749294110676502,0.6749294110676501,1,0.6749294110676501
0,0.26078279875394006,0.36078279875394004,0,0.26078279875394006
0,0.4852374880859897,0.5852374880859897,1,0.5852374880859897
0,0.5080235667670907,0.6080235667670907,1,0.6080235667670907
1,0.6404668611692447,0.7404668611692447,1,0.7404668611692447
0,0.3678843720292634,0.46788437202926336,0,0.3678843720292634
0,0.3971206704769026,0.49712067047690256,0,0.3971206704769026
0,0.5336481120930788,0.6336481120930788,0,0.5336481120930788
0,0.5159211679170753,0.6159211679170753,0,0.5159211679170753
0,0.5484913096189009,0.6484913096189009,0,0.5484913096189009
0,0.47977153367993663,0.5797715336799366,0,0.47977153367993663
0,0.4781818059065607,0.5781818059065607,0,0.4781818059065607
0,0.4940853653923552,0.5940853653923552,0,0.4940853653923552
0,0.5930488516713355,0.6930488516713355,0,0.5930488516713355
1,0.7085640695181523,0.8085640695181523,1,0.8085640695181523
0,0.6271038220139944,0.7271038220139944,0,0.6271038220139944
0,0.30478906395815075,0.40478906395815073,0,0.30478906395815075
0,0.47444032396755464,0.5744403239675546,0,0.47444032396755464
1,0.9590585227955377,1.0590585227955378,1,1.0590585227955378
1,0.6258557410728116,0.7258557410728116,1,0.7258557410728116
0,0.35177403467889284,0.4517740346788929,0,0.35177403467889284
1,0.6235801776424262,0.7235801776424262,0,0.6235801776424262
1,0.6430605669395884,0.7430605669395883,1,0.7430605669395883
1,0.7146438614239452,0.8146438614239452,1,0.8146438614239452
1,0.7462365249110028,0.8462365249110028,0,0.7462365249110028
1,0.5517912935600638,0.6517912935600638,0,0.5517912935600638
1,0.6197298840410096,0.7197298840410096,0,0.6197298840410096
0,0.5961700850276572,0.6961700850276572,0,0.5961700850276572
0,0.4524895961971781,0.5524895961971781,0,0.4524895961971781
1,0.506666511452955,0.606666511452955,1,0.606666511452955
0,0.5737058583175829,0.6737058583175829,0,0.5737058583175829
0,0.41533362687748016,0.5153336268774802,0,0.41533362687748016
0,0.5530904308766998,0.6530904308766998,0,0.5530904308766998
0,0.5337507512628527,0.6337507512628526,1,0.6337507512628526
0,0.43388395449098943,0.5338839544909895,1,0.5338839544909895
1,0.6104365282516162,0.7104365282516162,1,0.7104365282516162
1,0.6041403678922641,0.7041403678922641,0,0.6041403678922641
1,0.674732056312534,0.774732056312534,1,0.774732056312534
0,0.28515195438600005,0.38515195438600003,0,0.28515195438600005
0,0.4380927831535347,0.5380927831535347,0,0.4380927831535347
1,0.6489615631848353,0.7489615631848353,1,0.7489615631848353
0,0.49631932359309594,0.5963193235930959,0,0.49631932359309594
1,0.6955873713070501,0.79558737130705,0,0.6955873713070501
1,0.6493138089792688,0.7493138089792688,1,0.7493138089792688
0,0.5770853044644985,0.6770853044644984,0,0.5770853044644985
0,0.6124467554623694,0.7124467554623694,0,0.6124467554623694
0,0.5054500508386756,0.6054500508386755,0,0.5054500508386756
1,0.7077060001859354,0.8077060001859354,1,0.8077060001859354
1,0.6148911555078715,0.7148911555078715,0,0.6148911555078715
0,0.5320907984469888,0.6320907984469888,0,0.5320907984469888
0,0.5158062122187986,0.6158062122187986,1,0.6158062122187986
1,0.878677558635611,0.978677558635611,1,0.978677558635611
1,0.643921095828025,0.743921095828025,1,0.743921095828025
1,0.6998051255588189,0.7998051255588189,0,0.6998051255588189
1,0.6663002465926844,0.7663002465926844,0,0.6663002465926844
0,0.4078158424593714,0.5078158424593714,0,0.4078158424593714
0,0.505235075910745,0.605235075910745,0,0.505235075910745
1,0.6897834101183257,0.7897834101183256,1,0.7897834101183256
0,0.7038741301661623,0.8038741301661623,0,0.7038741301661623
0,0.24619956148388433,0.3461995614838843,0,0.24619956148388433
1,0.8954938697528528,0.9954938697528528,1,0.9954938697528528
0,0.45845401501778243,0.5584540150177825,0,0.45845401501778243
0,0.48598820019938715,0.5859882001993871,0,0.48598820019938715
1,0.5777891765765911,0.6777891765765911,1,0.6777891765765911
1,0.6360129274534605,0.7360129274534605,1,0.7360129274534605
1,0.585376964876269,0.685376964876269,1,0.685376964876269
0,0.6055512229579876,0.7055512229579876,0,0.6055512229579876
0,0.5930151941360255,0.6930151941360255,1,0.6930151941360255
0,0.5151253003050755,0.6151253003050755,0,0.5151253003050755
1,0.7202983616913505,0.8202983616913505,1,0.8202983616913505
1,0.670306101540831,0.770306101540831,1,0.770306101540831
0,0.48732610623765876,0.5873261062376588,1,0.5873261062376588
1,0.695988171578021,0.7959881715780209,0,0.695988171578021
1,0.8461992037732615,0.9461992037732615,1,0.9461992037732615
1,0.7156020089887171,0.815602008988717,1,0.815602008988717
1,0.7797892538887304,0.8797892538887304,0,0.7797892538887304
1,0.7416801082376574,0.8416801082376574,1,0.8416801082376574
0,0.44699941401061594,0.5469994140106159,1,0.5469994140106159
1,0.7144242904463894,0.8144242904463894,1,0.8144242904463894
0,0.44331291019796504,0.543312910197965,0,0.44331291019796504
0,0.3858010185066803,0.48580101850668034,1,0.48580101850668034
0,0.5139153173544089,0.6139153173544089,0,0.5139153173544089
1,0.7309142463151667,0.8309142463151666,1,0.8309142463151666
0,0.4813379116499226,0.5813379116499227,1,0.5813379116499227
1,0.5365966703924482,0.6365966703924482,0,0.5365966703924482
0,0.6748340147984223,0.7748340147984223,0,0.6748340147984223
0,0.37565170152248845,0.4756517015224885,0,0.37565170152248845
0,0.36410026736588147,0.4641002673658815,1,0.4641002673658815
0,0.41370447197593735,0.5137044719759374,0,0.41370447197593735
1,0.6128540402763372,0.7128540402763371,0,0.6128540402763372
1,0.7638420050155105,0.8638420050155105,0,0.7638420050155105
1,0.862900368995147,0.962900368995147,1,0.962900368995147
0,0.5001641437516345,0.6001641437516345,0,0.5001641437516345
1,0.6819582236972589,0.7819582236972589,0,0.6819582236972589
1,0.8037492381141078,0.9037492381141078,1,0.9037492381141078
1,0.6608797360084795,0.7608797360084795,1,0.7608797360084795
0,0.521960164784961,0.621960164784961,0,0.521960164784961
0,0.5085733872021467,0.6085733872021467,0,0.5085733872021467
0,0.3795215490721987,0.4795215490721987,1,0.4795215490721987
0,0.44306153658541625,0.5430615365854162,0,0.44306153658541625
1,0.8539483921366029,0.9539483921366029,1,0.9539483921366029
1,0.5047681024816432,0.6047681024816431,1,0.6047681024816431
0,0.5466582987966802,0.6466582987966801,0,0.5466582987966802
1,0.8060478107304525,0.9060478107304525,1,0.9060478107304525
1,0.7654023962613175,0.8654023962613174,0,0.7654023962613175
0,0.4067679671638067,0.5067679671638067,0,0.4067679671638067
1,0.7973932625773431,0.8973932625773431,0,0.7973932625773431
0,0.5993783429315351,0.6993783429315351,0,0.5993783429315351
0,0.4779969809068436,0.5779969809068436,1,0.5779969809068436
1,0.6513254126466403,0.7513254126466403,0,0.6513254126466403
0,0.5531764523072399,0.6531764523072399,0,0.5531764523072399
1,0.6518298715751102,0.7518298715751102,1,0.7518298715751102
1,0.6260888304771559,0.7260888304771559,1,0.7260888304771559
0,0.5539973511639089,0.6539973511639089,0,0.5539973511639089
0,0.5318466669670813,0.6318466669670812,0,0.5318466669670813
1,0.6039685703276986,0.7039685703276986,1,0.7039685703276986
0,0.440994949284756,0.540994949284756,0,0.440994949284756
0,0.5379376357731437,0.6379376357731437,0,0.5379376357731437
0,0.355690295175912,0.455690295175912,1,0.455690295175912
0,0.48411984954531057,0.5841198495453106,0,0.48411984954531057
1,0.6573849179559624,0.7573849179559624,1,0.7573849179559624
1,0.6692495640002459,0.7692495640002459,1,0.7692495640002459
1,0.8399984208972691,0.939998420897269,1,0.939998420897269
0,0.5667282140474402,0.6667282140474402,0,0.5667282140474402
0,0.493428840835342,0.593428840835342,0,0.493428840835342
1,0.6316948671762418,0.7316948671762418,1,0.7316948671762418
0,0.5113799892253215,0.6113799892253214,0,0.5113799892253215
1,0.769986837530322,0.869986837530322,1,0.869986837530322
1,0.7854473683029375,0.8854473683029375,0,0.7854473683029375
0,0.5409764862397826,0.6409764862397825,0,0.5409764862397826
0,0.3668668431818666,0.46686684318186655,0,0.3668668431818666
0,0.5522876594202962,0.6522876594202962,0,0.5522876594202962
0,0.6264731516407749,0.7264731516407749,1,0.7264731516407749
1,0.8558171568214128,0.9558171568214128,1,0.9558171568214128
1,0.8119988441058246,0.9119988441058245,1,0.9119988441058245
0,0.5242957761622395,0.6242957761622395,0,0.5242957761622395
0,0.4879571414509537,0.5879571414509537,0,0.4879571414509537
0,0.4969649759281222,0.5969649759281223,0,0.4969649759281222
0,0.6941377455028219,0.7941377455028219,0,0.6941377455028219
1,0.6264114199187699,0.7264114199187699,1,0.7264114199187699
0,0.45730931412607284,0.5573093141260729,0,0.45730931412607284
0,0.43247576028165896,0.532475760281659,0,0.43247576028165896
1,0.6047901250718299,0.7047901250718299,1,0.7047901250718299
0,0.45605528410763174,0.5560552841076317,0,0.45605528410763174
1,0.699117400420392,0.799117400420392,1,0.799117400420392
1,0.5701211624859028,0.6701211624859028,1,0.6701211624859028
1,0.6756024240734912,0.7756024240734912,0,0.6756024240734912
0,0.5108777745207808,0.6108777745207807,0,0.5108777745207808
1,0.5712248286166305,0.6712248286166305,1,0.6712248286166305
0,0.5235687661370638,0.6235687661370638,0,0.5235687661370638
1,0.7202520028257594,0.8202520028257594,0,0.7202520028257594
1,0.8059879968559517,0.9059879968559517,1,0.9059879968559517
1,0.7172078817522568,0.8172078817522568,1,0.8172078817522568
1,0.6629837555721378,0.7629837555721378,1,0.7629837555721378
1,0.675308042600649,0.775308042600649,0,0.675308042600649
1,0.7675814898014562,0.8675814898014562,1,0.8675814898014562
0,0.5946012704994627,0.6946012704994626,0,0.5946012704994627
0,0.4981446462767233,0.5981446462767233,0,0.4981446462767233
0,0.45473911455055094,0.5547391145505509,0,0.45473911455055094
1,0.7062026788674176,0.8062026788674176,1,0.8062026788674176
1,0.5327500202730813,0.6327500202730812,1,0.6327500202730812
1,0.5967248255580075,0.6967248255580075,1,0.6967248255580075
0,0.5487471908497876,0.6487471908497876,0,0.5487471908497876
0,0.668815684759969,0.768815684759969,0,0.668815684759969
1,0.7620162706040143,0.8620162706040143,1,0.8620162706040143
1,0.797714220625358,0.897714220625358,1,0.897714220625358
1,0.9120259169206644,1.0120259169206645,1,1.0120259169206645
1,0.7833320151569747,0.8833320151569747,0,0.7833320151569747
0,0.6439214885436119,0.7439214885436118,0,0.6439214885436119
1,0.7241196848197948,0.8241196848197948,0,0.7241196848197948
0,0.5770837406371621,0.677083740637162,1,0.677083740637162
0,0.5283042542501334,0.6283042542501334,0,0.5283042542501334
1,0.6986208865051656,0.7986208865051656,1,0.7986208865051656
1,0.6190613098923957,0.7190613098923957,0,0.6190613098923957
0,0.6945144752084532,0.7945144752084532,0,0.6945144752084532
1,0.9450380852083597,1.0450380852083598,1,1.0450380852083598
0,0.4954255546846456,0.5954255546846456,0,0.4954255546846456
0,0.2990382780761194,0.39903827807611936,1,0.39903827807611936
0,0.4345820063932338,0.5345820063932338,0,0.4345820063932338
0,0.5195210678199559,0.6195210678199559,0,0.5195210678199559
1,0.8571682753297016,0.9571682753297016,1,0.9571682753297016
0,0.5031342367931713,0.6031342367931712,0,0.5031342367931713
0,0.5156225209986486,0.6156225209986486,0,0.5156225209986486
0,0.6100028197106693,0.7100028197106693,0,0.6100028197106693
0,0.44520682529561295,0.5452068252956129,0,0.44520682529561295
0,0.5157812302322227,0.6157812302322226,1,0.6157812302322226
0,0.5114398319009558,0.6114398319009557,0,0.5114398319009558
0,0.6582278950970663,0.7582278950970662,0,0.6582278950970663
0,0.5385274267644795,0.6385274267644795,1,0.6385274267644795
0,0.5651425707023058,0.6651425707023058,0,0.5651425707023058
0,0.4404495020081653,0.5404495020081653,0,0.4404495020081653
1,0.6577745542197312,0.7577745542197312,1,0.7577745542197312
0,0.42760645944295594,0.5276064594429559,0,0.42760645944295594
0,0.4151224213503334,0.5151224213503334,1,0.5151224213503334
0,0.5564606368310756,0.6564606368310756,0,0.5564606368310756
0,0.5712058060446064,0.6712058060446063,0,0.5712058060446064
0,0.3530368144125007,0.45303681441250065,1,0.45303681441250065
0,0.6354851538704765,0.7354851538704765,0,0.6354851538704765
1,0.5698492902763705,0.6698492902763705,0,0.5698492902763705
1,0.7654060028944691,0.8654060028944691,1,0.8654060028944691
0,0.4966674577196249,0.5966674577196249,0,0.4966674577196249
0,0.5623787626084669,0.6623787626084668,0,0.5623787626084669
0,0.43426314331030796,0.534263143310308,0,0.43426314331030796
0,0.5807410464336045,0.6807410464336044,0,0.5807410464336045
0,0.5550491665048987,0.6550491665048986,0,0.5550491665048987
0,0.5482206574118517,0.6482206574118516,0,0.5482206574118517
0,0.4911662424536064,0.5911662424536064,0,0.4911662424536064
1,0.6914951553331632,0.7914951553331632,1,0.7914951553331632
1,0.6338230472454358,0.7338230472454358,1,0.7338230472454358
0,0.29462824978562957,0.3946282497856296,0,0.29462824978562957
0,0.4144936150030076,0.5144936150030076,0,0.4144936150030076
0,0.6102234677920049,0.7102234677920048,0,0.6102234677920049
0,0.6064667261396233,0.7064667261396232,0,0.6064667261396233
1,0.610016308270059,0.710016308270059,1,0.710016308270059
1,0.5804792431935822,0.6804792431935822,0,0.5804792431935822
0,0.3780476835024759,0.47804768350247595,1,0.47804768350247595
1,0.7076352469721315,0.8076352469721315,1,0.8076352469721315
1,0.48930648133672605,0.589306481336726,0,0.48930648133672605
0,0.6395746210911983,0.7395746210911983,0,0.6395746210911983
1,0.6335199444539604,0.7335199444539604,1,0.7335199444539604
0,0.4539455331887828,0.5539455331887828,0,0.4539455331887828
1,0.7129057111283098,0.8129057111283098,1,0.8129057111283098
0,0.7192866453403519,0.8192866453403519,0,0.7192866453403519
1,0.8157542347986735,0.9157542347986735,1,0.9157542347986735
1,0.724883740450703,0.824883740450703,0,0.724883740450703
0,0.5969736818585727,0.6969736818585727,1,0.6969736818585727
0,0.6624455204185835,0.7624455204185835,0,0.6624455204185835
1,0.6165948229361147,0.7165948229361147,1,0.7165948229361147
0,0.5470169777588737,0.6470169777588737,0,0.5470169777588737
0,0.5388428820581987,0.6388428820581987,0,0.5388428820581987
0,0.5619289859595535,0.6619289859595535,0,0.5619289859595535
0,0.5067875240146456,0.6067875240146455,0,0.5067875240146456
0,0.4678407568748435,0.5678407568748435,0,0.4678407568748435
0,0.34351961023084754,0.4435196102308475,1,0.4435196102308475
1,0.6785420633414395,0.7785420633414395,1,0.7785420633414395
0,0.533426056895369,0.633426056895369,1,0.633426056895369
0,0.4347982245280482,0.5347982245280483,0,0.4347982245280482
0,0.5826537222248823,0.6826537222248823,1,0.6826537222248823
1,0.7706775393676626,0.8706775393676626,1,0.8706775393676626
1,0.7271539175789238,0.8271539175789238,0,0.7271539175789238
0,0.4307950968308124,0.5307950968308124,0,0.4307950968308124
0,0.42344870092938736,0.5234487009293873,0,0.42344870092938736
0,0.5998025848834918,0.6998025848834918,0,0.5998025848834918
0,0.3607160960704022,0.4607160960704022,0,0.3607160960704022
0,0.5210075073677108,0.6210075073677108,0,0.5210075073677108
1,0.6730748301350818,0.7730748301350818,1,0.7730748301350818
1,0.6558441177922978,0.7558441177922978,1,0.7558441177922978
0,0.5516066538390091,0.6516066538390091,0,0.5516066538390091
0,0.5869640378603783,0.6869640378603783,0,0.5869640378603783
0,0.34157309309991135,0.44157309309991133,0,0.34157309309991135
0,0.30771424089771343,0.40771424089771346,0,0.30771424089771343
1,0.7559265371337461,0.8559265371337461,1,0.8559265371337461
0,0.5463369540253319,0.6463369540253319,0,0.5463369540253319
0,0.4572850796566387,0.5572850796566388,0,0.4572850796566387
0,0.2614408378216675,0.36144083782166747,0,0.2614408378216675
1,0.7448734425809096,0.8448734425809096,0,0.7448734425809096
0,0.5634662843275762,0.6634662843275762,0,0.5634662843275762
0,0.43758637330715855,0.5375863733071585,0,0.43758637330715855
0,0.6753461676607879,0.7753461676607879,0,0.6753461676607879
1,0.7140827417229814,0.8140827417229813,1,0.8140827417229813
0,0.3467956217742509,0.4467956217742509,0,0.3467956217742509
0,0.6526727132451992,0.7526727132451991,0,0.6526727132451992
0,0.3158156940531064,0.41581569405310637,0,0.3158156940531064
0,0.4748765091571329,0.574876509157133,0,0.4748765091571329
1,0.6754084149896654,0.7754084149896654,1,0.7754084149896654
0,0.4560720123050209,0.5560720123050209,0,0.4560720123050209
0,0.7161568436797684,0.8161568436797684,0,0.7161568436797684
0,0.46538711526792576,0.5653871152679257,0,0.46538711526792576
0,0.6969465928941966,0.7969465928941966,0,0.6969465928941966
0,0.5514705601876,0.6514705601876,0,0.5514705601876
0,0.2764564044238378,0.37645640442383776,1,0.37645640442383776
0,0.4286844904678576,0.5286844904678576,1,0.5286844904678576
0,0.5644680230941657,0.6644680230941656,1,0.6644680230941656
1,0.5792639199557585,0.6792639199557585,0,0.5792639199557585
1,0.5252803189030064,0.6252803189030064,1,0.6252803189030064
1,0.8409945543496435,0.9409945543496435,1,0.9409945543496435
0,0.5380198063972493,0.6380198063972493,0,0.5380198063972493
0,0.32114481886160784,0.4211448188616078,0,0.32114481886160784
1,0.5685681668326297,0.6685681668326297,1,0.6685681668326297
0,0.6830445609760588,0.7830445609760588,0,0.6830445609760588
0,0.4391145505555868,0.5391145505555868,0,0.4391145505555868
1,0.6917324207205268,0.7917324207205267,1,0.7917324207205267
1,0.6086617878086464,0.7086617878086464,1,0.7086617878086464
1,0.6680512790233313,0.7680512790233313,0,0.6680512790233313
0,0.46400171611224994,0.5640017161122499,0,0.46400171611224994
0,0.4409378093775268,0.5409378093775268,0,0.4409378093775268
1,0.6684646598347065,0.7684646598347065,1,0.7684646598347065
0,0.6638813686586493,0.7638813686586493,0,0.6638813686586493
0,0.5770301109820737,0.6770301109820737,0,0.5770301109820737
0,0.5237886229545445,0.6237886229545445,0,0.5237886229545445
0,0.49865394308505673,0.5986539430850567,0,0.49865394308505673
0,0.9054089373472408,1.0054089373472408,0,0.9054089373472408
0,0.5703479422137813,0.6703479422137812,1,0.6703479422137812
0,0.5865877137425429,0.6865877137425429,0,0.5865877137425429
0,0.5499351039415645,0.6499351039415645,0,0.5499351039415645
0,0.5760808693407692,0.6760808693407692,0,0.5760808693407692
0,0.6432860535723024,0.7432860535723024,0,0.6432860535723024
1,0.7453545594889305,0.8453545594889305,1,0.8453545594889305
1,0.6281171509844079,0.7281171509844079,1,0.7281171509844079
1,0.5664968486190676,0.6664968486190676,1,0.6664968486190676
0,0.5442238826475952,0.6442238826475952,0,0.5442238826475952
0,0.5761899609807041,0.676189960980704,0,0.5761899609807041
0,0.304808823137809,0.40480882313780897,0,0.304808823137809
0,0.5285993765590339,0.6285993765590339,0,0.5285993765590339
0,0.5063612362639247,0.6063612362639247,0,0.5063612362639247
1,0.7236172788323076,0.8236172788323076,0,0.7236172788323076
0,0.3551075348796604,0.4551075348796604,0,0.3551075348796604
1,0.8369657165754084,0.9369657165754084,0,0.8369657165754084
0,0.5248749242427758,0.6248749242427758,1,0.6248749242427758
1,0.7151606210628985,0.8151606210628984,1,0.8151606210628984
0,0.49393235217243514,0.5939323521724351,1,0.5939323521724351
0,0.4620734346854143,0.5620734346854143,1,0.5620734346854143
0,0.42740045506448365,0.5274004550644836,0,0.42740045506448365
1,0.9073770155791768,1.0073770155791768,1,1.0073770155791768
0,0.6530390301624308,0.7530390301624308,0,0.6530390301624308
0,0.7604913881134573,0.8604913881134573,0,0.7604913881134573
1,0.8672457440835136,0.9672457440835136,0,0.8672457440835136
0,0.4797153375137557,0.5797153375137557,0,0.4797153375137557
1,0.7311943001214702,0.8311943001214702,1,0.8311943001214702
0,0.5633205350000037,0.6633205350000037,0,0.5633205350000037
1,0.8816864292393469,0.9816864292393469,1,0.9816864292393469
0,0.4612828855977593,0.5612828855977593,0,0.4612828855977593
0,0.39678458144617207,0.4967845814461721,0,0.39678458144617207
1,0.5951374290002672,0.6951374290002672,1,0.6951374290002672
0,0.4546074570483221,0.5546074570483221,1,0.5546074570483221
0,0.46581761992467935,0.5658176199246794,0,0.46581761992467935
0,0.5046213532577233,0.6046213532577233,1,0.6046213532577233
1,0.5867312562066006,0.6867312562066006,0,0.5867312562066006
0,0.40381490961187394,0.5038149096118739,1,0.5038149096118739
0,0.5736809011589002,0.6736809011589002,1,0.6736809011589002
1,0.7806331426089056,0.8806331426089056,1,0.8806331426089056
1,0.6434474034148515,0.7434474034148515,1,0.7434474034148515
0,0.4804320217185576,0.5804320217185576,0,0.4804320217185576
1,0.8078581129979023,0.9078581129979023,1,0.9078581129979023
1,0.634350042567132,0.734350042567132,1,0.734350042567132
0,0.4200232979832773,0.5200232979832773,0,0.4200232979832773
1,0.788839332840498,0.888839332840498,1,0.888839332840498
1,0.672204701666862,0.772204701666862,0,0.672204701666862
0,0.45159045677216125,0.5515904567721612,1,0.5515904567721612
0,0.3477014747273213,0.44770147472732136,0,0.3477014747273213
1,0.7535688484547479,0.8535688484547479,0,0.7535688484547479
0,0.4523948976305232,0.5523948976305232,0,0.4523948976305232
1,0.7740169285090833,0.8740169285090833,1,0.8740169285090833
1,0.48381288621989915,0.5838128862198991,1,0.5838128862198991
1,0.6222641334212711,0.722264133421271,0,0.6222641334212711
1,0.7822931344791529,0.8822931344791529,0,0.7822931344791529
0,0.4516508567200671,0.5516508567200671,1,0.5516508567200671
1,0.5801587772756419,0.6801587772756419,1,0.6801587772756419
0,0.5716706680721176,0.6716706680721176,0,0.5716706680721176
0,0.45971042232143716,0.5597104223214372,0,0.45971042232143716
0,0.47295460326016103,0.572954603260161,0,0.47295460326016103
0,0.2886470086618468,0.38864700866184676,0,0.2886470086618468
1,0.7882483217191061,0.8882483217191061,1,0.8882483217191061
1,0.6023958435821796,0.7023958435821795,0,0.6023958435821796
1,0.542706669616939,0.642706669616939,1,0.642706669616939
1,0.5162460912687974,0.6162460912687974,1,0.6162460912687974
0,0.4300295983288256,0.5300295983288256,0,0.4300295983288256
0,0.6080671415677072,0.7080671415677072,0,0.6080671415677072
1,0.6090758038408042,0.7090758038408042,1,0.7090758038408042
0,0.2518058815379835,0.35180588153798353,0,0.2518058815379835
1,0.49608065863918493,0.5960806586391849,1,0.5960806586391849
0,0.4577789397153671,0.5577789397153671,0,0.4577789397153671
1,0.6854485463437304,0.7854485463437304,1,0.7854485463437304
0,0.44913463296151224,0.5491346329615122,0,0.44913463296151224
0,0.40522766709985125,0.5052276670998512,1,0.5052276670998512
0,0.5135046921103772,0.6135046921103772,0,0.5135046921103772
0,0.39232682560957005,0.4923268256095701,0,0.39232682560957005
0,0.5033849017746826,0.6033849017746826,0,0.5033849017746826
0,0.49126153608967454,0.5912615360896746,0,0.49126153608967454
0,0.41394613844067946,0.5139461384406795,0,0.41394613844067946
1,0.811993709787185,0.911993709787185,1,0.911993709787185
1,0.5916318112472035,0.6916318112472035,0,0.5916318112472035
0,0.3861916119151278,0.48619161191512783,0,0.3861916119151278
0,0.6383218810910197,0.7383218810910197,0,0.6383218810910197
0,0.6361182909950691,0.7361182909950691,0,0.6361182909950691
0,0.7042394526154012,0.8042394526154012,0,0.7042394526154012
1,0.6669198288612262,0.7669198288612262,0,0.6669198288612262
0,0.5222702666410916,0.6222702666410915,0,0.5222702666410916
1,0.6258958113100976,0.7258958113100976,1,0.7258958113100976
0,0.6006699166672692,0.7006699166672692,0,0.6006699166672692
0,0.5145895468007724,0.6145895468007724,0,0.5145895468007724
1,0.5162116250095202,0.6162116250095202,1,0.6162116250095202
0,0.5802918041125613,0.6802918041125613,0,0.5802918041125613
0,0.46795545030941643,0.5679554503094164,0,0.46795545030941643
0,0.4401644333670102,0.5401644333670103,1,0.5401644333670103
0,0.4566777685950599,0.5566777685950599,1,0.5566777685950599
1,0.5592704880874413,0.6592704880874413,0,0.5592704880874413
0,0.40879609190527366,0.5087960919052736,1,0.5087960919052736
0,0.489912090166588,0.589912090166588,0,0.489912090166588
1,0.8066752626106963,0.9066752626106963,1,0.9066752626106963
0,0.5645907292092102,0.6645907292092101,0,0.5645907292092102
0,0.5825154409445834,0.6825154409445834,0,0.5825154409445834
0,0.6081304950032136,0.7081304950032136,0,0.6081304950032136
1,0.7194730473643046,0.8194730473643046,1,0.8194730473643046
0,0.4704006660307434,0.5704006660307434,0,0.4704006660307434
0,0.651249275280083,0.751249275280083,0,0.651249275280083
0,0.39441635240143635,0.49441635240143633,0,0.39441635240143635
1,0.7520633643645954,0.8520633643645954,1,0.8520633643645954
0,0.5534244328294302,0.6534244328294302,1,0.6534244328294302
0,0.5012412877619441,0.6012412877619441,0,0.5012412877619441
0,0.7788062605388627,0.8788062605388627,0,0.7788062605388627
0,0.5322768872750261,0.6322768872750261,0,0.5322768872750261
0,0.7658550264093769,0.8658550264093768,0,0.7658550264093769
0,0.6087275071412261,0.7087275071412261,0,0.6087275071412261
0,0.5916247794744287,0.6916247794744287,1,0.6916247794744287
0,0.375874281787265,0.475874281787265,0,0.375874281787265
1,0.6067993912124279,0.7067993912124279,1,0.7067993912124279
0,0.5944242251569806,0.6944242251569805,1,0.6944242251569805
1,0.6513475257627056,0.7513475257627056,1,0.7513475257627056
0,0.27408346562840297,0.374083465628403,1,0.374083465628403
0,0.6112443902692202,0.7112443902692202,0,0.6112443902692202
0,0.398852345913253,0.498852345913253,0,0.398852345913253
0,0.45399597550695137,0.5539959755069513,0,0.45399597550695137
0,0.4790193468965538,0.5790193468965538,0,0.4790193468965538
1,0.6583819552914888,0.7583819552914888,1,0.7583819552914888
1,0.6770417969511577,0.7770417969511577,0,0.6770417969511577
1,0.8789744339323162,0.9789744339323162,1,0.9789744339323162
0,0.35650337227087603,0.456503372270876,0,0.35650337227087603
0,0.45635519279030967,0.5563551927903096,0,0.45635519279030967
1,0.6365431999207625,0.7365431999207624,1,0.7365431999207624
0,0.5710508348998435,0.6710508348998435,0,0.5710508348998435
1,0.6347810087648458,0.7347810087648458,1,0.7347810087648458
1,0.6704419765731461,0.7704419765731461,1,0.7704419765731461
0,0.32484968797911506,0.42484968797911504,0,0.32484968797911506
0,0.5273191495002106,0.6273191495002106,0,0.5273191495002106
0,0.5200200885352607,0.6200200885352607,0,0.5200200885352607
1,0.7755254889583845,0.8755254889583844,1,0.8755254889583844
1,0.6902816285355908,0.7902816285355908,1,0.7902816285355908
0,0.43470140628392256,0.5347014062839226,0,0.43470140628392256
0,0.42045093917588633,0.5204509391758864,0,0.42045093917588633
0,0.5471927564671937,0.6471927564671937,1,0.6471927564671937
1,0.6881124174493388,0.7881124174493388,0,0.6881124174493388
1,0.9292294748019758,1.029229474801976,1,1.029229474801976
0,0.3315916846926845,0.4315916846926845,0,0.3315916846926845
1,0.6905306305913597,0.7905306305913596,1,0.7905306305913596
1,0.6900384219180755,0.7900384219180755,1,0.7900384219180755
1,0.772682346555885,0.872682346555885,0,0.772682346555885
1,0.7824033903155403,0.8824033903155403,1,0.8824033903155403
0,0.4993820992305608,0.5993820992305608,1,0.5993820992305608
0,0.48220291649649577,0.5822029164964958,0,0.48220291649649577
1,0.6183101955415178,0.7183101955415178,1,0.7183101955415178
1,0.8076975754864196,0.9076975754864196,1,0.9076975754864196
1,0.7786075601267155,0.8786075601267155,0,0.7786075601267155
1,0.6068811610378501,0.70688116103785,0,0.6068811610378501
1,0.7055786201682008,0.8055786201682008,0,0.7055786201682008
1,0.6951385523905654,0.7951385523905654,1,0.7951385523905654
1,0.7617972133818898,0.8617972133818897,1,0.8617972133818897
0,0.5262454879915381,0.6262454879915381,0,0.5262454879915381
0,0.5008480108045484,0.6008480108045484,0,0.5008480108045484
0,0.48577041327830855,0.5857704132783086,0,0.48577041327830855
0,0.4609403266041389,0.560940326604139,0,0.4609403266041389
0,0.5596251445014383,0.6596251445014383,0,0.5596251445014383
0,0.3577318155740623,0.4577318155740623,0,0.3577318155740623
1,0.6368305949950127,0.7368305949950127,1,0.7368305949950127
1,0.5851748712376875,0.6851748712376875,1,0.6851748712376875
1,0.6558644538859133,0.7558644538859133,1,0.7558644538859133
1,0.8939851254334538,0.9939851254334537,1,0.9939851254334537
1,0.7644639575058728,0.8644639575058728,0,0.7644639575058728
0,0.5329473137209205,0.6329473137209205,0,0.5329473137209205
0,0.3786799828310944,0.47867998283109436,0,0.3786799828310944
0,0.4050169935733783,0.5050169935733783,1,0.5050169935733783
0,0.40438258433461494,0.5043825843346149,1,0.5043825843346149
0,0.553871463455703,0.653871463455703,0,0.553871463455703
0,0.4507731732162491,0.5507731732162491,0,0.4507731732162491
1,0.6782736269688385,0.7782736269688385,1,0.7782736269688385
0,0.3114545432376987,0.4114545432376987,0,0.3114545432376987
0,0.5117376087302126,0.6117376087302125,0,0.5117376087302126
1,0.7588389361273663,0.8588389361273663,1,0.8588389361273663
1,0.6835257595912789,0.7835257595912789,0,0.6835257595912789
0,0.6252575885298745,0.7252575885298744,1,0.7252575885298744
1,0.6113766431792458,0.7113766431792458,1,0.7113766431792458
1,0.6791169077308173,0.7791169077308173,0,0.6791169077308173
0,0.6121581180480805,0.7121581180480805,0,0.6121581180480805
0,0.48288622365814565,0.5828862236581457,0,0.48288622365814565
0,0.4120848980333489,0.5120848980333489,0,0.4120848980333489
1,0.8326026196583294,0.9326026196583294,0,0.8326026196583294
0,0.5097397289599744,0.6097397289599744,0,0.5097397289599744
0,0.5859517040269023,0.6859517040269023,1,0.6859517040269023
0,0.6238000300622784,0.7238000300622783,1,0.7238000300622783
0,0.4256845244076712,0.5256845244076712,0,0.4256845244076712
0,0.4495021987190326,0.5495021987190326,0,0.4495021987190326
0,0.5339005037002085,0.6339005037002085,0,0.5339005037002085
0,0.38333398808675995,0.48333398808676,1,0.48333398808676
0,0.5281695180596486,0.6281695180596486,0,0.5281695180596486
0,0.47141225420242283,0.5714122542024228,0,0.47141225420242283
0,0.42330574211107497,0.523305742111075,0,0.42330574211107497
0,0.3634050394744971,0.46340503947449707,0,0.3634050394744971
0,0.5160292814754384,0.6160292814754383,0,0.5160292814754384
0,0.42901411228302544,0.5290141122830254,0,0.42901411228302544
1,0.7570475481143094,0.8570475481143094,1,0.8570475481143094
0,0.5501768179062848,0.6501768179062848,1,0.6501768179062848
0,0.3728065024881019,0.47280650248810185,1,0.47280650248810185
1,0.6809959342025552,0.7809959342025552,0,0.6809959342025552
0,0.3687926325702555,0.4687926325702555,0,0.3687926325702555
0,0.5939677757739561,0.6939677757739561,0,0.5939677757739561
0,0.46910480991205666,0.5691048099120567,0,0.46910480991205666
1,0.6356817730245301,0.7356817730245301,1,0.7356817730245301
1,0.781305672860918,0.881305672860918,1,0.881305672860918
0,0.4938872633330748,0.5938872633330748,1,0.5938872633330748
1,0.8677995412350956,0.9677995412350956,1,0.9677995412350956
0,0.528760780455238,0.628760780455238,0,0.528760780455238
1,0.8224051852796913,0.9224051852796913,1,0.9224051852796913
1,0.6625838882411361,0.7625838882411361,1,0.7625838882411361
0,0.5094747912254727,0.6094747912254727,0,0.5094747912254727
0,0.6433064858346856,0.7433064858346856,0,0.6433064858346856
1,0.6781833137426292,0.7781833137426292,1,0.7781833137426292
1,0.9010172479610937,1.0010172479610937,1,1.0010172479610937
1,0.6459803369366056,0.7459803369366056,1,0.7459803369366056
0,0.6231736974472609,0.7231736974472609,0,0.6231736974472609
1,0.7259648912517526,0.8259648912517525,0,0.7259648912517526
1,0.7952804710094975,0.8952804710094975,1,0.8952804710094975
1,0.6062141135894419,0.7062141135894419,1,0.7062141135894419
0,0.5284118918252159,0.6284118918252158,0,0.5284118918252159
1,0.7407318840556743,0.8407318840556742,0,0.7407318840556743
0,0.37762540419312407,0.47762540419312405,0,0.37762540419312407
0,0.43183205564478805,0.5318320556447881,0,0.43183205564478805
0,0.5804786267264643,0.6804786267264643,0,0.5804786267264643
0,0.555178154383462,0.6551781543834619,1,0.6551781543834619
0,0.6731474971707397,0.7731474971707397,1,0.7731474971707397
0,0.5751989200538343,0.6751989200538343,0,0.5751989200538343
1,0.6659718602499293,0.7659718602499292,1,0.7659718602499292
0,0.329707278945489,0.429707278945489,0,0.329707278945489
1,0.6507140342541743,0.7507140342541743,1,0.7507140342541743
1,0.6715149228041539,0.7715149228041539,1,0.7715149228041539
0,0.6326712995005865,0.7326712995005865,1,0.7326712995005865
1,0.8794922889964001,0.9794922889964001,0,0.8794922889964001
0,0.5625035325348217,0.6625035325348216,0,0.5625035325348217
0,0.6320851687103839,0.7320851687103839,1,0.7320851687103839
0,0.6016519655284053,0.7016519655284053,0,0.6016519655284053
0,0.38427641954143865,0.48427641954143863,0,0.38427641954143865
0,0.5518774308714756,0.6518774308714755,0,0.5518774308714756
0,0.3413881454375145,0.4413881454375145,0,0.3413881454375145
0,0.6340103216808777,0.7340103216808777,1,0.7340103216808777
1,0.631005217138773,0.731005217138773,1,0.731005217138773
1,0.5809525582163592,0.6809525582163591,1,0.6809525582163591
0,0.33821094787168016,0.43821094787168013,0,0.33821094787168016
0,0.4620635205771153,0.5620635205771153,0,0.4620635205771153
1,0.7575326522895208,0.8575326522895208,1,0.8575326522895208
0,0.6105108474309413,0.7105108474309413,0,0.6105108474309413
0,0.38770654364927476,0.4877065436492748,1,0.4877065436492748
1,0.7172654480337807,0.8172654480337807,1,0.8172654480337807
0,0.5714585907700159,0.6714585907700159,1,0.6714585907700159
0,0.5790123363739487,0.6790123363739486,0,0.5790123363739487
0,0.5385998379061673,0.6385998379061673,1,0.6385998379061673
1,0.7058629358523314,0.8058629358523314,1,0.8058629358523314
0,0.49384946579776656,0.5938494657977665,0,0.49384946579776656
0,0.3917077469385582,0.49170774693855823,1,0.49170774693855823
0,0.5086218332244058,0.6086218332244058,0,0.5086218332244058
0,0.5574007369529504,0.6574007369529504,0,0.5574007369529504
0,0.36492473102569767,0.46492473102569765,0,0.36492473102569767
1,0.8460832775833065,0.9460832775833065,0,0.8460832775833065
0,0.5113968650751893,0.6113968650751893,0,0.5113968650751893
1,0.7899758166376966,0.8899758166376965,1,0.8899758166376965
0,0.4829030503261108,0.5829030503261108,0,0.4829030503261108
0,0.6208916290745984,0.7208916290745984,0,0.6208916290745984
0,0.41771028112380393,0.5177102811238039,0,0.41771028112380393
1,0.72757258855296,0.82757258855296,0,0.72757258855296
1,0.4137054525016733,0.5137054525016733,1,0.5137054525016733
0,0.628176033716636,0.728176033716636,1,0.728176033716636
0,0.5922333433675424,0.6922333433675424,0,0.5922333433675424
0,0.5882456194127087,0.6882456194127087,0,0.5882456194127087
0,0.4294013503841084,0.5294013503841084,0,0.4294013503841084
1,0.7272811263448677,0.8272811263448677,1,0.8272811263448677
0,0.5220564980669377,0.6220564980669376,0,0.5220564980669377
1,0.6952125718029115,0.7952125718029115,1,0.7952125718029115
1,0.5455098739447227,0.6455098739447227,0,0.5455098739447227
0,0.6156529259785113,0.7156529259785113,0,0.6156529259785113
0,0.3617709933376108,0.46177099333761085,0,0.3617709933376108
0,0.1963356461795751,0.2963356461795751,0,0.1963356461795751
1,0.6604538957581064,0.7604538957581064,1,0.7604538957581064
0,0.5591627616845014,0.6591627616845014,0,0.5591627616845014
0,0.4532756913477114,0.5532756913477114,0,0.4532756913477114
0,0.6727652436979286,0.7727652436979285,0,0.6727652436979286
0,0.6076824186003958,0.7076824186003958,0,0.6076824186003958
1,0.719844437858453,0.819844437858453,1,0.819844437858453
0,0.6947921805156927,0.7947921805156927,0,0.6947921805156927
0,0.5369268075221877,0.6369268075221877,0,0.5369268075221877
1,0.7244024849787085,0.8244024849787085,1,0.8244024849787085
0,0.4675162216149387,0.5675162216149388,1,0.5675162216149388
1,0.5727518851207292,0.6727518851207291,1,0.6727518851207291
1,0.8422167053535059,0.9422167053535059,0,0.8422167053535059
0,0.3592503644980374,0.45925036449803736,0,0.3592503644980374
0,0.5565522355032091,0.6565522355032091,0,0.5565522355032091
0,0.3500571232640475,0.45005712326404745,0,0.3500571232640475
1,0.7734577962240546,0.8734577962240546,1,0.8734577962240546
1,0.6595337525797353,0.7595337525797353,1,0.7595337525797353
1,0.6183805581440175,0.7183805581440175,1,0.7183805581440175
0,0.4776559619148293,0.5776559619148293,0,0.4776559619148293
0,0.5229955901230006,0.6229955901230005,1,0.6229955901230005
1,0.7171796103039568,0.8171796103039568,1,0.8171796103039568
1,0.7690056404695802,0.8690056404695802,1,0.8690056404695802
1,0.7159052863662426,0.8159052863662426,1,0.8159052863662426
1,0.8301761340431185,0.9301761340431185,1,0.9301761340431185
0,0.5646080292733475,0.6646080292733475,1,0.6646080292733475
0,0.506124597593707,0.606124597593707,0,0.506124597593707
1,0.685466895941993,0.7854668959419929,1,0.7854668959419929
0,0.3500785705554552,0.4500785705554552,0,0.3500785705554552
1,0.9000525294225095,1.0000525294225096,0,0.9000525294225095
1,0.8273801562681256,0.9273801562681255,0,0.8273801562681256
0,0.4020440701759239,0.5020440701759239,0,0.4020440701759239
0,0.7053509480289021,0.8053509480289021,0,0.7053509480289021
0,0.4558722818504896,0.5558722818504896,0,0.4558722818504896
0,0.4034905530444499,0.5034905530444499,1,0.5034905530444499
0,0.6363109416409712,0.7363109416409712,0,0.6363109416409712
0,0.5983674956358634,0.6983674956358634,1,0.6983674956358634
0,0.4636215917855125,0.5636215917855125,0,0.4636215917855125
0,0.5801106843656043,0.6801106843656043,1,0.6801106843656043
1,0.803497406844664,0.903497406844664,1,0.903497406844664
0,0.41142971131363587,0.5114297113136359,1,0.5114297113136359
0,0.3624187618754133,0.4624187618754133,0,0.3624187618754133
0,0.48899233697108396,0.588992336971084,0,0.48899233697108396
1,0.7616687076439539,0.8616687076439539,0,0.7616687076439539
1,0.6713627426466249,0.7713627426466249,1,0.7713627426466249
1,0.8383227783831043,0.9383227783831043,1,0.9383227783831043
0,0.46006036087377833,0.5600603608737783,0,0.46006036087377833
1,0.7989892080772156,0.8989892080772156,1,0.8989892080772156
0,0.4895306828208252,0.5895306828208252,0,0.4895306828208252
0,0.4144632580316624,0.5144632580316624,0,0.4144632580316624
1,0.8238963242983486,0.9238963242983486,1,0.9238963242983486
1,0.8390532461450323,0.9390532461450323,0,0.8390532461450323
0,0.501742050648739,0.601742050648739,0,0.501742050648739
0,0.41489654397358267,0.5148965439735826,0,0.41489654397358267
0,0.7276105058148362,0.8276105058148362,1,0.8276105058148362
0,0.5078304774356783,0.6078304774356783,1,0.6078304774356783
1,0.740954456938153,0.840954456938153,1,0.840954456938153
1,0.7649592043122356,0.8649592043122356,1,0.8649592043122356
1,1.005796377490097,1.1057963774900972,0,1.005796377490097
0,0.4379683631680401,0.5379683631680401,0,0.4379683631680401
1,0.6666505367803992,0.7666505367803992,0,0.6666505367803992
1,0.7295141051240017,0.8295141051240017,1,0.8295141051240017
1,0.592020332203235,0.692020332203235,0,0.592020332203235
0,0.3600129235469564,0.46001292354695644,1,0.46001292354695644
1,0.688461499540317,0.788461499540317,1,0.788461499540317
1,0.5872499443991542,0.6872499443991542,0,0.5872499443991542
0,0.3176073453012984,0.4176073453012984,1,0.4176073453012984
1,0.7863172389238144,0.8863172389238144,1,0.8863172389238144
0,0.6237839470768638,0.7237839470768638,0,0.6237839470768638
1,0.6292968884788187,0.7292968884788187,0,0.6292968884788187
1,0.6881435951890059,0.7881435951890059,0,0.6881435951890059
0,0.357581869107787,0.457581869107787,0,0.357581869107787
0,0.5209191622821403,0.6209191622821403,0,0.5209191622821403
1,0.5624288769602568,0.6624288769602568,1,0.6624288769602568
0,0.4618152879169539,0.5618152879169539,0,0.4618152879169539
0,0.4866021976246363,0.5866021976246363,1,0.5866021976246363
1,0.5674327829200927,0.6674327829200927,0,0.5674327829200927
1,0.6708849721706118,0.7708849721706118,1,0.7708849721706118
0,0.643909828263188,0.743909828263188,0,0.643909828263188
1,0.7081531801884006,0.8081531801884005,1,0.8081531801884005
1,0.5565680275885512,0.6565680275885512,0,0.5565680275885512
0,0.6958280633056303,0.7958280633056303,1,0.7958280633056303
0,0.5129123835521845,0.6129123835521845,0,0.5129123835521845
0,0.2658936555605974,0.3658936555605974,0,0.2658936555605974
1,0.5194590910567194,0.6194590910567194,1,0.6194590910567194
0,0.605023964914583,0.705023964914583,0,0.605023964914583
0,0.5798041786573698,0.6798041786573698,0,0.5798041786573698
1,0.6926526342530048,0.7926526342530048,0,0.6926526342530048
1,0.807370280980951,0.907370280980951,1,0.907370280980951
0,0.35488444799466345,0.45488444799466343,1,0.45488444799466343
0,0.5007780877995447,0.6007780877995447,1,0.6007780877995447
0,0.46314085692111995,0.5631408569211199,0,0.46314085692111995
0,0.5367073847761584,0.6367073847761584,1,0.6367073847761584
1,0.5956509734622737,0.6956509734622737,1,0.6956509734622737
0,0.5973186192243627,0.6973186192243627,0,0.5973186192243627
0,0.4173373376813735,0.5173373376813735,0,0.4173373376813735
0,0.3209771193233991,0.4209771193233991,0,0.3209771193233991
1,0.7359078001209303,0.8359078001209302,1,0.8359078001209302
0,0.6750676850223022,0.7750676850223022,1,0.7750676850223022
0,0.40208148357145335,0.5020814835714533,0,0.40208148357145335
0,0.3762799320239014,0.4762799320239014,0,0.3762799320239014
0,0.48506140937564746,0.5850614093756474,0,0.48506140937564746
0,0.406386622070112,0.506386622070112,0,0.406386622070112
