L,A,Y,C,Y_obs
-2.221253875745377,0,7.151561164879996,0,7.151561164879996
0.025999652649581352,0,9.482388036250772,0,9.482388036250772
-0.5389690203529267,1,11.46314568312115,0,11.46314568312115
-1.1291927754818196,0,7.133561306945727,0,7.133561306945727
-2.441866645632954,0,3.826750021658948,0,3.826750021658948
0.7653914031615243,1,13.164284151147315,1,
-0.7597093453832795,0,8.715445677577634,0,8.715445677577634
0.2669961949272511,0,12.040556669543163,0,12.040556669543163
0.7017808518851028,1,13.183179749031638,0,13.183179749031638
0.2921213158190323,1,11.359093653707415,0,11.359093653707415
-0.19809308384188445,0,10.217664683589526,0,10.217664683589526
0.6587712633582326,1,12.354432555621019,1,
0.5199574310030347,0,8.554268689992838,0,8.554268689992838
0.5990114185671891,1,13.296771337436923,1,
-1.6515809534097465,0,7.7286802157544425,0,7.7286802157544425
-0.3924406993260177,0,9.924812936935124,0,9.924812936935124
-0.6773169588205007,0,8.66079931822887,0,8.66079931822887
2.936010765698419,1,16.75184950509205,1,
-0.6646272262326735,0,9.202561804524981,0,9.202561804524981
1.2574634446471256,1,15.135259313590247,0,15.135259313590247
-1.6811072148716157,0,5.055120559029211,0,5.055120559029211
-0.3995734603257533,0,9.956260276486178,1,
-1.4327367537731586,0,6.769995853913763,0,6.769995853913763
0.19294244931920737,0,9.159395875164714,0,9.159395875164714
1.8133575161831403,1,16.17621521770085,1,
-0.8917145205416988,0,8.173181441301098,0,8.173181441301098
0.7895487881079712,0,11.748757882700252,1,
0.7744269274189531,0,13.340700711225239,0,13.340700711225239
0.6402849053185113,1,12.091956571935098,1,
-0.22629012851584646,1,12.036374303398441,1,
-0.15511152517752427,0,9.55777434554541,0,9.55777434554541
0.1357670813244038,1,12.44830211650095,0,12.44830211650095
0.20712397429002277,1,11.325520011678222,1,
0.15661144530507198,1,10.22671364271705,0,10.22671364271705
0.7790016682774777,1,11.087055792901928,1,
-0.12641764227699995,1,11.260572621446777,0,11.260572621446777
0.5466948093298707,1,11.567121316238795,1,
0.3043578489631048,1,9.899480143655627,1,
-1.1217465716449955,1,9.226335847077685,0,9.226335847077685
-0.9157117311829386,0,7.208633323139856,0,7.208633323139856
0.5673600872781462,0,10.738431693126056,1,
0.48441871705173456,0,9.988676596901616,0,9.988676596901616
1.0824051701298816,1,13.420653496709834,0,13.420653496709834
-2.2349721654025054,0,4.667601044978152,0,4.667601044978152
0.6137257714692409,0,10.633602613903554,1,
-2.4124817660513886,0,3.22123909308698,0,3.22123909308698
-0.05619248811950657,1,11.523146575664066,0,11.523146575664066
-2.480624084585887,0,3.9431134929312677,0,3.9431134929312677
1.348281915243098,1,13.204005740752708,1,
-0.8588094160206777,1,9.370101722037493,0,9.370101722037493
2.174576084017792,1,16.90566568175143,1,
0.21020079374027523,1,12.046857935407811,1,
0.8432831603214778,1,13.664826854435958,1,
0.5735034118643726,1,13.298699316614709,1,
1.7975854062361283,1,16.72465088433253,1,
-0.029638388270332904,0,10.196864774413292,1,
-1.141715082797342,0,9.380295941600721,0,9.380295941600721
-1.185882152733331,0,7.497896543510215,0,7.497896543510215
-0.9171742457584934,0,10.300259160542804,0,10.300259160542804
0.052650061610921235,1,12.556067891490596,0,12.556067891490596
0.3506347558482142,1,13.291459069251445,1,
-0.259445029011881,0,10.419456181465153,1,
0.15523458083955566,0,10.357430764922373,0,10.357430764922373
1.5529693472629076,1,15.657499174885706,1,
-1.7688255075629586,0,7.181428292674327,0,7.181428292674327
-0.5514149862416227,0,8.96320833706905,0,8.96320833706905
1.0262592269084683,0,13.027830942629132,0,13.027830942629132
-1.0660608532560127,0,7.908647589779092,0,7.908647589779092
1.0377617641232724,1,13.654438221381794,1,
-0.424800626521208,1,10.477488975715511,0,10.477488975715511
-0.5849302908007318,0,9.52294812635524,1,
-0.19356211553497682,1,12.100308394750128,0,12.100308394750128
0.17278667373147089,0,9.118313036339368,0,9.118313036339368
-0.3412930654860201,1,10.419718697845864,1,
1.5198467925976922,1,14.01012249492093,1,
-0.36040250800099527,0,10.335810837837778,0,10.335810837837778
1.196805764738728,1,15.640794241628381,1,
1.0997383289484357,1,14.288782202647791,1,
-0.20128900538686428,0,8.784181922122734,0,8.784181922122734
1.3971294839903257,0,13.037135316869552,1,
1.8472524597804576,1,17.083720486089053,1,
0.6593251585256762,0,11.163858505617442,0,11.163858505617442
0.8903562474049924,1,14.218107102103414,0,14.218107102103414
-1.7331004786203248,0,5.60916535216259,0,5.60916535216259
0.6095007518217401,0,9.869996057926128,1,
1.1320764129598004,1,14.315700160886426,1,
1.8614751521564687,1,15.66335535950455,0,15.66335535950455
-0.4199949025143882,0,9.30869345230926,0,9.30869345230926
0.24266986572683572,1,9.996848144112805,0,9.996848144112805
1.233624266692747,1,15.34970445835372,1,
-0.6615567428361304,1,11.426501707623549,0,11.426501707623549
0.666831993874493,0,12.842954373932503,1,
-2.8975960480038756,0,4.332422823468733,0,4.332422823468733
0.6290134099908832,0,12.151354895006977,1,
-1.609352238226182,0,3.8834230703871664,0,3.8834230703871664
-1.64413471118038,0,6.460427374008331,0,6.460427374008331
-0.3124223378405143,0,9.224235969365324,0,9.224235969365324
-0.49474574888162626,0,7.182847885246561,0,7.182847885246561
-0.0005655605321230105,1,11.911612629218123,0,11.911612629218123
-2.5270714567959067,0,4.895634650626453,0,4.895634650626453
-1.0773331590483546,1,9.810867387199371,1,
1.8268447990865608,1,16.884824886258208,1,
-0.0034569477574328926,1,11.144988589508532,0,11.144988589508532
-1.0609045187759654,0,6.745185434818367,0,6.745185434818367
0.7164387133526796,0,10.71692585601478,0,10.71692585601478
-0.23174716780021826,1,11.015224766687947,0,11.015224766687947
0.7873794491761389,1,13.414421162959647,1,
-0.34310673331541663,0,9.570968652430185,0,9.570968652430185
1.9064239970431653,0,13.112936930978776,0,13.112936930978776
0.19594610890845515,0,11.60280948282614,0,11.60280948282614
0.3494399453206961,1,13.182230517263722,0,13.182230517263722
-1.8204279972056467,0,7.497523084434184,0,7.497523084434184
-0.9470563111903616,1,11.858690374301332,1,
1.049816687463589,1,14.000111922375554,0,14.000111922375554
-0.8464097980780796,0,8.560191248961273,0,8.560191248961273
0.9524240947839412,1,14.014395244712974,0,14.014395244712974
-1.7392849945210138,0,5.479556969520496,0,5.479556969520496
-0.12169417260233076,1,11.337980570758335,1,
0.8527750745611803,1,14.057819260107019,1,
0.08905106923140994,1,12.996375409338754,1,
-0.3897264490229021,0,8.4874648188266,1,
0.8815750536928294,1,14.460758884647692,1,
1.784612401676478,1,15.338766813813296,1,
0.4736245118177991,1,13.19894742901613,0,13.19894742901613
1.5646071123037484,1,14.513853369045519,1,
0.992847855031292,1,14.496280407572968,0,14.496280407572968
-0.5569346455832338,0,9.238268266001757,0,9.238268266001757
0.26503647031669314,1,14.042857259163199,1,
1.5015685947845274,1,16.848845879518223,1,
-1.2010059748658735,0,6.627604126268639,0,6.627604126268639
-1.1591050732034571,0,6.887558215382157,0,6.887558215382157
-0.571992880655174,0,6.764765176662289,0,6.764765176662289
-2.333973212737229,0,6.13690390034696,0,6.13690390034696
-0.16862636949857085,1,12.105493155120119,0,12.105493155120119
0.7729327784548723,1,14.778556051185355,0,14.778556051185355
0.07297662847478588,1,9.690515425596997,0,9.690515425596997
-1.6103228637151952,0,6.916656687964438,0,6.916656687964438
-2.2537521841227703,0,5.141018392755244,0,5.141018392755244
0.21677955894163997,0,11.045277887326309,0,11.045277887326309
0.7001355069475316,0,11.716434926947624,1,
1.178199263645443,1,15.529848415681151,0,15.529848415681151
-0.2777911567830967,1,10.038374639575576,0,10.038374639575576
-1.7607331245481015,1,8.295120665113389,0,8.295120665113389
0.1902324425909907,0,10.22017071545712,0,10.22017071545712
-0.8973514654713385,0,9.127394217410103,0,9.127394217410103
-1.757211588583381,0,6.409955176217555,0,6.409955176217555
1.1641098020435843,0,13.637416273446313,1,
-1.7740852313179638,0,6.558458072256266,0,6.558458072256266
0.9027550268786733,1,14.037400133268388,0,14.037400133268388
-1.096182399752595,0,8.621034288317798,0,8.621034288317798
0.37566212903729146,1,12.374492508746885,0,12.374492508746885
0.631780983422596,1,13.728415468897662,0,13.728415468897662
0.6684543371716936,1,12.891568320312675,1,
-0.5458133771480481,1,10.680649730661397,0,10.680649730661397
0.7217060275057615,0,9.605463066672097,0,9.605463066672097
-1.7712456417116744,0,6.627976554516857,0,6.627976554516857
-2.1035715365868453,0,5.464286120738816,0,5.464286120738816
-1.0385555541730285,0,8.785049023734233,0,8.785049023734233
0.5792355159215262,1,14.81890550658683,1,
0.36751818460769975,1,12.938312108128006,0,12.938312108128006
0.2583819067363226,0,11.073460625932649,1,
0.32362746828555716,1,12.398074754236008,1,
-1.0321926039420186,1,9.656300295453258,0,9.656300295453258
0.5950631671109637,1,12.9263747067138,1,
-1.0493359658885195,0,7.859760179044331,1,
-1.389004412050653,0,7.773332816221525,1,
0.22189125583215408,0,12.172702105571124,1,
-0.8785540332418371,0,9.36493756703801,0,9.36493756703801
-1.4935227275358456,0,7.107193340683838,0,7.107193340683838
-0.2342955664884054,0,9.756532787040674,0,9.756532787040674
0.5337217652061484,1,10.936260003703975,0,10.936260003703975
-0.3326221736092843,0,10.973491176910876,1,
-1.004854435195507,0,10.107878650638039,0,10.107878650638039
-0.07571547716596307,1,12.047016074666685,0,12.047016074666685
1.2606702350955483,1,14.70231513460385,1,
-0.9173133203150231,0,6.256248035595371,0,6.256248035595371
0.3501069994709503,1,12.323228842516816,1,
-0.8180499673024364,1,9.519906564326423,1,
-0.36426274110470913,1,10.441490672262677,0,10.441490672262677
0.6178670809222103,1,12.77438227500748,1,
-0.3867479377615388,0,9.147813671237145,1,
0.3316803676443711,1,13.71248348769737,1,
-0.07366835537142585,0,10.64056219734994,0,10.64056219734994
0.025731798243372905,0,9.955142317720526,0,9.955142317720526
0.5679000064912474,0,10.73318072252764,0,10.73318072252764
1.527441032420882,0,12.654830470215717,1,
-1.3984112527512305,0,7.9583158385297015,0,7.9583158385297015
-0.9090812945761586,0,7.99302991219453,0,7.99302991219453
0.3195986925188033,1,10.943664364919405,0,10.943664364919405
3.0594403671849886,1,15.817733301409124,1,
0.6309607155644319,0,11.73234226595292,0,11.73234226595292
1.795710225790824,1,16.007357799309723,1,
-1.4188490982253137,0,6.372335612058006,0,6.372335612058006
-0.22382253127550608,1,12.185839560027691,0,12.185839560027691
1.8359389847846703,1,16.211159626513947,0,16.211159626513947
1.63104056131516,1,15.685094310939727,1,
0.07963636744218562,0,10.477615389004937,1,
0.24453945660753143,1,13.450599216112566,1,
0.3026773481176949,0,10.109129136680949,1,
1.044489957734694,0,13.818397376955408,0,13.818397376955408
0.7205471689903775,1,13.453091139689556,1,
0.30274354060289566,0,12.268030288327708,1,
1.0394699905558813,1,14.803723274533409,0,14.803723274533409
3.2324860071642516,1,18.474982922275473,1,
-0.935274321786157,1,12.31252115355862,1,
-0.5071594325561477,0,8.516627401381804,0,8.516627401381804
-0.5025994159987562,0,7.649251766517613,0,7.649251766517613
-0.010100199652063007,1,12.508442569073527,0,12.508442569073527
-0.4704081761467579,1,10.69810753332863,0,10.69810753332863
-2.2241975764658464,0,5.27030884045095,0,5.27030884045095
0.5217650655041294,1,12.513323203784722,1,
-0.6377762519980454,1,11.662351247714575,1,
-1.7859253428857762,0,6.983169355831357,0,6.983169355831357
-1.2784040425860312,1,9.439837285947291,0,9.439837285947291
-1.187448864971359,0,5.642154397597938,0,5.642154397597938
-1.3649623133589066,1,10.413951645326858,0,10.413951645326858
-0.4567200078047207,0,9.362886876495926,1,
1.1769770344795325,0,10.787299933727967,0,10.787299933727967
0.366346787083081,0,10.083409368907152,0,10.083409368907152
-0.3955019976755924,1,10.360202484003548,0,10.360202484003548
1.5144076605254146,1,15.484487108318627,1,
-0.5927270712845112,0,7.63584576785678,1,
-0.4760438355675344,1,11.350589807413918,0,11.350589807413918
-0.84610732599453,1,10.375994896178186,0,10.375994896178186
-0.22476764178745784,0,7.803589430709006,0,7.803589430709006
0.5644287469909892,0,10.088074331918143,1,
-1.5305112020871374,0,7.556151416859704,0,7.556151416859704
-0.7528734887253545,1,10.924736132944254,0,10.924736132944254
2.194666405161291,1,17.035507401570506,1,
-1.0456797562646578,0,7.590654856607393,0,7.590654856607393
0.311201770138623,0,11.524844950733613,1,
-0.18489664474848802,1,10.452423764088886,0,10.452423764088886
-0.007089089892104181,1,11.27030544064267,0,11.27030544064267
-0.22297309521442055,0,11.001689472951961,0,11.001689472951961
-0.6852749350931376,0,8.532802236380768,0,8.532802236380768
0.18388013778366064,0,9.569207777587474,0,9.569207777587474
0.15769871905703267,0,9.034401380163517,1,
0.9219052759796604,1,13.970208112813458,1,
2.4316310936556405,1,17.89027296656932,1,
-0.31500046196718545,0,7.497546712707752,0,7.497546712707752
1.5989103936465694,0,13.525629935581296,1,
1.6533921050772384,0,13.75883864757699,1,
0.2468301909949305,1,13.320687825861874,1,
-1.1407577617052447,1,9.846698217221554,0,9.846698217221554
0.17395676708037555,0,10.820163526032996,0,10.820163526032996
-1.496823531882599,0,7.521367302850393,0,7.521367302850393
-0.16813887591359752,0,10.89841052666637,1,
-0.8226197613413093,0,9.227272459848903,0,9.227272459848903
0.7715748273674461,1,13.422406720430605,1,
0.15710657563638142,0,9.49003268563137,0,9.49003268563137
-1.9867059512303908,1,6.079480037118472,0,6.079480037118472
0.46207180492336575,1,13.679198254761324,0,13.679198254761324
0.9200085437864719,1,11.981246331590407,1,
-2.0713659493803798,0,5.492707119652374,1,
0.8379779016268778,1,14.418187304262386,1,
-2.211877459336814,0,5.20926526482064,0,5.20926526482064
-0.6404043271401975,1,10.014580952751542,0,10.014580952751542
-0.0885570658436478,1,11.800392595104139,1,
0.1834284652762533,0,10.625579843722722,0,10.625579843722722
-0.13862347508517675,1,11.545804758270462,0,11.545804758270462
1.2973533491948253,1,14.144082475605435,0,14.144082475605435
0.8305113028529545,1,15.474559387426146,1,
0.11837779119698785,1,12.936755486348783,1,
0.5769673603151074,1,11.631508984133962,0,11.631508984133962
-1.089235583575958,1,9.344233832721041,0,9.344233832721041
-0.046442350607800345,0,7.987427541528897,0,7.987427541528897
-0.3379558494048718,0,9.776554605849725,0,9.776554605849725
1.412360868276784,0,12.145969431246819,0,12.145969431246819
-0.23757772844924097,1,11.154407154951514,1,
0.6901547960986238,1,13.098515397857893,1,
-0.40473019352885026,0,9.109693566049089,0,9.109693566049089
-1.347112922996795,0,8.816658179880914,0,8.816658179880914
0.5127100568817253,0,12.104713542955366,0,12.104713542955366
0.5237011817891438,0,10.632234751146662,0,10.632234751146662
-0.27005666717201215,0,7.531921340205351,0,7.531921340205351
-2.553512872566332,0,6.757742097641966,0,6.757742097641966
-0.9853196221785266,0,7.993896231602878,0,7.993896231602878
1.296872274552014,1,15.11486453068603,1,
0.7841139972048071,1,13.525299784530274,1,
0.7422172869894278,1,13.715843579716868,0,13.715843579716868
0.6028481108728521,0,12.814563382928316,0,12.814563382928316
0.09745514749588266,1,13.484261181180608,0,13.484261181180608
0.18668027745516083,0,9.605233430863695,0,9.605233430863695
1.2896503031040207,1,15.25798399314525,1,
-0.9593657861904994,0,8.292954869929105,0,8.292954869929105
1.294240626138715,1,15.217882734473761,0,15.217882734473761
0.5548107612392951,1,12.191422531102582,1,
-1.0794947390707,0,5.931129275431068,0,5.931129275431068
0.21688185263233836,1,13.131317928171915,1,
0.5130497333932098,1,12.511905978158667,0,12.511905978158667
-0.06543011766950754,1,11.369867315343281,0,11.369867315343281
-0.641266029377764,0,9.036103560054976,1,
-1.3212489401268142,0,6.508007486152414,0,6.508007486152414
-1.0559788246476263,0,6.644680637774363,0,6.644680637774363
-0.38171184159109417,0,9.318932283393515,1,
-0.8880775222398304,0,8.240655193023333,0,8.240655193023333
1.0897423034572202,1,14.797837493553127,1,
0.17828205662537805,1,11.77175795448911,0,11.77175795448911
-1.6446800797749206,0,6.782644931852058,0,6.782644931852058
0.5060057386890885,0,10.30982082914841,1,
0.3480644331882383,1,13.134153972973987,1,
0.13208754879228526,1,12.675806642168359,0,12.675806642168359
0.42705270688459424,0,12.034424936948067,1,
0.7704433285702904,0,11.912668147791164,1,
0.7246867472335498,1,13.284895162694461,0,13.284895162694461
0.945372186504114,1,15.120636924727613,1,
0.838601961746298,1,13.181099088757218,0,13.181099088757218
0.7228637402257486,1,13.375112110183897,0,13.375112110183897
0.511724320109378,0,10.31670969003242,0,10.31670969003242
-0.35983515406037675,1,11.442112560455923,0,11.442112560455923
0.3573397744682136,1,11.16196739241062,0,11.16196739241062
0.32134174153483064,0,9.744603246867952,1,
-1.503275040147254,0,6.5618650551286075,0,6.5618650551286075
-1.0085827671813974,0,8.652599367146934,0,8.652599367146934
-1.4807450902371404,0,7.518164355854134,0,7.518164355854134
-0.7565981678414141,1,9.71655897670589,0,9.71655897670589
0.7642535640263238,0,11.188864149565383,1,
0.27562740071121505,0,10.184658061591623,1,
-0.821743965697011,0,8.853317731931153,0,8.853317731931153
-0.04258942061021988,0,9.815337240650836,1,
-0.03828974457692388,1,11.314778856607465,0,11.314778856607465
-0.4396055741688285,0,8.739680721209698,0,8.739680721209698
-0.8136098672539492,1,14.186812669079371,0,14.186812669079371
-0.19374942470099107,1,10.916403668427517,0,10.916403668427517
0.5427626375261467,0,11.507889275198727,0,11.507889275198727
0.03984443329844422,0,9.591843081582901,0,9.591843081582901
0.574912694823081,0,12.106881043207487,0,12.106881043207487
1.6117622788746342,1,15.591672760312143,1,
0.8539592912215672,1,13.437383116610153,0,13.437383116610153
0.9710824878556246,1,15.08039026519226,1,
-0.6386763452291486,0,7.97315357948366,0,7.97315357948366
1.640780395912284,1,15.011892528307188,0,15.011892528307188
0.028120951658114648,0,11.919744082760952,1,
0.30709666892496756,1,11.654633269949052,0,11.654633269949052
-2.371653301757554,0,5.900794744649362,0,5.900794744649362
-0.6794863832301925,0,7.52259918749599,0,7.52259918749599
0.17497651858624974,0,11.125973105431784,1,
-0.8823489668512124,0,8.510073342189319,0,8.510073342189319
-0.4106245696779723,1,10.596105454629742,0,10.596105454629742
-0.5672224315328898,0,8.310198486515358,0,8.310198486515358
1.5081601113562995,1,13.786856336512043,1,
-0.47974158373528225,0,8.24092260295623,0,8.24092260295623
-0.9686699009888243,0,9.038860707093354,0,9.038860707093354
0.38820995148506954,1,12.234360476652743,0,12.234360476652743
-0.8872849264389925,1,10.546006452331216,1,
1.0674500730855017,1,13.491724241238462,1,
-1.0132362713405214,1,9.034052038236215,0,9.034052038236215
0.2454842657735218,1,11.602141669437067,0,11.602141669437067
-0.815673395902421,0,9.196978260778698,0,9.196978260778698
0.15498103762273244,1,13.167962137731918,0,13.167962137731918
0.8923693300370655,1,12.761731212464749,1,
-0.47056202240619993,0,9.12883140830664,0,9.12883140830664
1.4678598470555784,0,11.240241441772167,0,11.240241441772167
1.5121996594817062,1,16.14346029504425,1,
-0.0844316066759394,0,10.631906885527924,0,10.631906885527924
0.28797805791300535,1,12.13903457793682,1,
-0.7731255515849424,1,12.336057122857397,0,12.336057122857397
1.8414135833602852,1,14.41086067799532,1,
1.9170502872083977,0,13.155774983471094,0,13.155774983471094
0.7102247459428446,0,11.948456053439116,1,
1.47341637113073,1,12.502802839530013,0,12.502802839530013
0.3115624593264602,1,12.306015612232224,0,12.306015612232224
-0.3017014230128336,0,8.270802712539064,0,8.270802712539064
1.150650632781334,1,14.776549153217779,0,14.776549153217779
-1.7480616230131043,0,6.1156062500230775,0,6.1156062500230775
-0.676537468719396,0,8.1675956555036,1,
-0.05337055696453966,1,10.765855711778396,1,
-1.9819324917745589,0,3.6819686901005615,0,3.6819686901005615
0.7154989845518417,0,11.918035092736623,1,
0.7253792348417089,1,15.349512499367856,1,
-0.24180755191525513,0,6.893672163528173,0,6.893672163528173
-0.1291642146317017,0,9.953506680087129,1,
-0.7342163963608992,1,10.9557092778638,0,10.9557092778638
0.012794496791029127,0,9.848656879167368,1,
-0.47342017009391824,0,9.444428524716376,0,9.444428524716376
0.733910514712724,1,13.260335973081457,1,
-0.19689944986265742,1,11.964187291723642,0,11.964187291723642
0.8918289344550008,0,11.543669081677828,1,
-2.640734259118974,0,5.604574770541339,0,5.604574770541339
-1.2444256299142045,1,9.335006975290463,1,
-0.16116712249212217,0,11.166278817899963,0,11.166278817899963
3.0341532890612393,1,18.609523687192212,1,
-1.3358835619838376,0,5.857393548267792,0,5.857393548267792
2.156758370125781,1,16.31009179194912,1,
0.4507658098153915,0,10.304431128262943,0,10.304431128262943
1.3361421328575882,0,11.72877159462059,1,
-0.5370551846802952,1,8.856147925121265,0,8.856147925121265
0.48291468805497684,1,13.327260109399038,0,13.327260109399038
0.09780486833098294,1,11.850311365252303,1,
-0.5387865711706203,0,9.900178246052258,0,9.900178246052258
-0.42218431822117974,0,8.588924246455713,1,
0.012399716598507457,0,7.905173960411767,0,7.905173960411767
0.5202876446459938,0,9.242826775298312,0,9.242826775298312
0.44353993639060213,1,13.019022587259755,0,13.019022587259755
-0.8953191514889983,0,7.489718207856608,0,7.489718207856608
0.3752406274963384,0,8.998877305756862,0,8.998877305756862
-0.11910516509037536,0,10.002375041514073,0,10.002375041514073
-1.7533813771920508,1,7.06249734041778,0,7.06249734041778
1.4497854113085284,0,12.482729497149583,1,
0.3745947707680555,0,11.693792366008148,0,11.693792366008148
0.44426743780885997,1,13.048544979205463,0,13.048544979205463
0.7277292856292872,1,14.208446579227001,0,14.208446579227001
-0.18159164017086732,1,12.074326430815505,0,12.074326430815505
-0.8162340090727761,0,9.063365959735979,0,9.063365959735979
0.10218349406013646,0,10.890174986393033,1,
-0.4511961385594895,1,10.694318389283518,0,10.694318389283518
0.7872089933133515,0,10.664445929691215,0,10.664445929691215
-0.6914721387915843,0,9.212209252263218,0,9.212209252263218
1.0310394957067732,1,14.394347726398708,1,
-1.5218928055236114,0,6.7960204309539725,0,6.7960204309539725
0.5642487723793471,0,12.291184896093709,0,12.291184896093709
-0.03992138642005541,0,12.286819755758009,0,12.286819755758009
0.7585451405066448,1,12.539718618507456,1,
0.8432007025565018,1,12.588811856305423,1,
-0.068634761104787,0,12.239248109683466,0,12.239248109683466
0.6909312505732081,0,9.815567684770373,0,9.815567684770373
0.2829518886275756,0,10.021166432386673,0,10.021166432386673
2.059055340635088,0,14.995033916823775,1,
-0.4108561649711176,1,9.126200746320782,1,
-0.06247106432885865,0,9.878674467000852,1,
0.6455080678794152,0,11.063624753378095,1,
0.9024242713323974,1,15.479536889593904,1,
-1.09774904981401,0,7.907885177453185,0,7.907885177453185
-1.475505232098084,0,4.013377004202182,0,4.013377004202182
1.2432177094119163,1,13.837491289987081,1,
-0.46704667394615207,1,10.448754091333317,0,10.448754091333317
-0.6061934207359373,0,9.060585508151439,0,9.060585508151439
-0.13347365827142507,1,9.94739721426789,0,9.94739721426789
-0.8189067371956521,0,8.95762593250442,0,8.95762593250442
-0.9989680751216516,0,8.071072861296825,0,8.071072861296825
0.7031398661523048,1,13.97295994862403,0,13.97295994862403
-0.5049217991576165,0,9.269978642252175,0,9.269978642252175
0.040159877687907276,1,12.476411148753934,1,
-1.3432851077390187,0,8.310694159280233,0,8.310694159280233
-0.4143799956125973,1,10.949050762782564,1,
0.45886503998563155,0,11.131597261453184,0,11.131597261453184
-1.3213673614245574,0,5.674736082290067,0,5.674736082290067
-0.2854868388845499,1,11.376961191188208,0,11.376961191188208
-0.19413638876567504,1,12.730397685463672,1,
0.6304143310064726,1,14.343045799375881,1,
0.05839866682053986,1,11.84958802752915,1,
-0.7172118492572509,1,11.578452469418279,0,11.578452469418279
1.059684558431465,1,14.311096067392187,0,14.311096067392187
-0.5161252158162851,1,8.103797270718385,0,8.103797270718385
-1.6227210281933273,0,6.868741523607208,0,6.868741523607208
0.004568150289961647,1,10.07659245747044,0,10.07659245747044
-0.3237083571198996,0,9.575827787884482,0,9.575827787884482
0.45360389397915485,1,12.361789215259916,0,12.361789215259916
-0.1939849308961746,1,10.135511167197372,1,
0.373392619157857,1,14.687461616841416,1,
-1.551589553083567,0,6.959339287523037,0,6.959339287523037
-0.3998470579123152,0,8.513248256129364,1,
0.29254711723213894,1,11.0337777980685,0,11.0337777980685
-0.6887259252741567,0,9.369751484951905,0,9.369751484951905
0.9026371999285226,1,14.684188513731183,1,
-1.5245445794096266,0,6.009407623323901,0,6.009407623323901
0.25460236645982093,0,10.41775544700734,1,
-0.3618107315104064,0,8.584257513923806,1,
-0.540108317420329,0,10.01785881968966,0,10.01785881968966
0.3386832901400047,0,10.928131855408388,0,10.928131855408388
-0.23108621416914016,0,9.650211482883822,0,9.650211482883822
-0.30765233039042456,0,10.598801437790318,0,10.598801437790318
1.3181439329014244,0,14.3643444798308,1,
1.532622266959466,1,16.022032027242947,1,
-0.8537157636325355,0,9.5237247600574,0,9.5237247600574
-0.1959779452802566,0,9.14999641179843,0,9.14999641179843
-1.010986389823725,0,8.440855625034372,0,8.440855625034372
-1.1373101243142165,0,7.510958867037902,0,7.510958867037902
0.5669424149905885,0,12.91151077856579,0,12.91151077856579
0.023264784010715137,0,8.302530413295816,0,8.302530413295816
0.6365063357388917,1,12.977441582071926,1,
-0.8593843569123906,1,10.084431550809487,0,10.084431550809487
0.8084226824572499,0,13.622332388351733,0,13.622332388351733
0.04155688743512188,1,12.032563740351941,0,12.032563740351941
-1.004228977734169,1,10.78636665088482,0,10.78636665088482
-0.5534589122495515,1,10.788554661220404,0,10.788554661220404
1.8140262053952727,1,15.873572483840801,1,
0.43348658608443225,1,11.544134264014712,1,
1.0394009631239607,0,12.837574377516443,1,
-0.08131944393368934,1,12.787574623599626,0,12.787574623599626
-1.2622568146948756,0,7.387065460998663,0,7.387065460998663
1.201166370548105,1,13.538758234497033,1,
0.5635728233012868,0,11.850461003091919,1,
0.532582711043703,0,10.822514494361801,0,10.822514494361801
0.21262625528012696,1,12.57163882497329,1,
0.3870465282490718,1,13.954059721046383,0,13.954059721046383
0.5110244712728094,1,13.459597645350676,1,
-1.7278116463071853,0,5.755030859121259,0,5.755030859121259
1.714827220569874,1,17.57055775359456,1,
0.9386963554190342,1,12.049741750267486,0,12.049741750267486
-0.6527941902920904,1,10.852612682976131,0,10.852612682976131
0.07259621785683643,0,11.257023057579232,0,11.257023057579232
-1.556990353195225,0,4.764260444753642,0,4.764260444753642
0.03723355826058873,1,13.0246731795611,0,13.0246731795611
0.39641973389747565,1,13.615279881198848,1,
1.1089632368219788,0,10.36370969476848,0,10.36370969476848
0.05020829370663899,0,9.818826340699431,1,
-0.20044621095482412,1,10.839769740100099,0,10.839769740100099
-0.30391709902844255,0,8.48483214968536,0,8.48483214968536
0.037807722255632406,0,10.013083488176033,0,10.013083488176033
-0.28450203461183315,0,9.374408454473114,0,9.374408454473114
0.582123611193534,0,12.553232341735367,0,12.553232341735367
0.32822139955828644,0,9.551111914760936,0,9.551111914760936
0.23243444328101495,0,11.21555535951311,1,
0.15421868300774288,1,12.917636001371212,1,
1.9133281248583829,1,15.06191050683104,1,
-1.0752735462964216,0,7.568396839823769,0,7.568396839823769
1.0085523609413758,0,11.641030636609113,0,11.641030636609113
-1.2721092978436788,1,10.57352021562566,0,10.57352021562566
3.215445516945814,1,18.559624678783187,1,
-0.3959518499135782,1,11.129457518755697,1,
0.004657710118611388,0,10.872848350203883,0,10.872848350203883
0.2631535747861298,1,13.074132156223143,1,
0.562786352681928,1,14.034275702141283,0,14.034275702141283
-1.0078753926713606,0,7.374148502209429,0,7.374148502209429
1.6793764892125171,1,15.619998291175634,1,
-0.11531178299426235,0,8.843636142988233,1,
0.5011151047531182,1,15.626098262813171,1,
1.9474028400599541,1,17.140001819717956,1,
-0.751156342596045,0,10.231512778257684,0,10.231512778257684
1.3240616437938129,1,12.942697062347499,1,
1.7745551250758405,1,14.474318189729301,1,
0.6271481846627224,0,12.083883427894481,1,
-0.43777746274152735,0,10.009898954051836,0,10.009898954051836
2.250133405729859,1,15.830120846148127,1,
1.3668252036654351,1,14.381205617482506,0,14.381205617482506
-0.38869106588904206,1,10.044216991437038,1,
0.08165290371021224,1,12.86901028870475,0,12.86901028870475
0.9959133782207982,1,14.98924304753839,0,14.98924304753839
0.7040104170333992,1,13.710482417038858,1,
-0.5521778177829849,0,9.184776280260017,0,9.184776280260017
-0.17168488855298272,1,7.449972074034655,0,7.449972074034655
1.3108310123567486,1,14.726939623556815,1,
0.754578475449888,0,8.901927764980867,1,
-2.1408133760762764,0,6.7437188297702315,0,6.7437188297702315
2.664389293401925,1,17.26631249434569,0,17.26631249434569
0.3958189888583457,1,12.726068356899056,1,
-0.2010224226750428,0,8.112463525981742,0,8.112463525981742
-0.020641159462983893,1,11.793185788561825,1,
0.7798492863337545,0,12.339600719029926,0,12.339600719029926
-0.7353686097093604,0,7.919166451311195,0,7.919166451311195
0.04893935232718722,1,11.107736215786208,0,11.107736215786208
0.9595043960602562,0,12.682063239370995,0,12.682063239370995
1.0017543476561428,1,12.644536243961921,0,12.644536243961921
-0.5380580854240867,0,8.12690925653213,0,8.12690925653213
0.33758286441335034,0,11.753050776831971,1,
0.9019316389444327,0,11.863105673220947,0,11.863105673220947
-0.07560406902513458,1,10.643792262305698,1,
2.053021259047589,1,15.36981881108297,1,
1.2803151301533149,1,15.120306836186908,0,15.120306836186908
-0.6509953973436182,0,8.56395054911607,0,8.56395054911607
-0.22668254938541996,1,10.992336286495945,0,10.992336286495945
-0.7672185970289622,1,9.747464986506978,1,
0.33129427335727485,1,12.43665534890191,0,12.43665534890191
0.3073654008118945,0,10.928575477512458,0,10.928575477512458
0.17619592807483672,0,8.6095705259063,0,8.6095705259063
0.17748943840348833,1,14.06916322086592,0,14.06916322086592
0.34412897906762846,1,13.742336531413558,1,
-1.0649993635912731,1,10.220707489918498,0,10.220707489918498
2.209679825769137,1,17.06888483658984,1,
-0.4916164296878058,0,7.112301258543856,0,7.112301258543856
0.4403423440114717,1,12.771263484494423,0,12.771263484494423
-1.197833532421475,1,10.102253283759532,0,10.102253283759532
0.8296967216706022,1,13.58307866711179,1,
-0.33116438211786414,0,10.403906767107106,0,10.403906767107106
0.11298315447570184,1,12.038434047764802,1,
0.8650478703852482,1,14.415576550037116,1,
-0.07916383053033507,1,12.240756537674725,0,12.240756537674725
1.222159191183471,1,15.168608029573509,1,
0.8758615819234394,1,14.507166946724702,1,
0.8818524490930552,0,11.897743511353777,0,11.897743511353777
0.5473000515558876,0,10.772576275902662,0,10.772576275902662
1.4967137006827054,1,14.86039671819846,1,
-0.3025653996336251,0,10.917289940974557,0,10.917289940974557
1.0163899437456387,1,12.88756305904016,0,12.88756305904016
-1.4067565038178151,1,8.167474780062783,0,8.167474780062783
1.5292094734212067,0,11.752809284717255,0,11.752809284717255
1.0303037557415502,1,13.58655412384205,1,
-0.8714449733851162,0,8.81042573383175,0,8.81042573383175
0.34388198445384743,0,9.786764260738167,0,9.786764260738167
0.797095697250193,1,14.724190803884374,1,
0.5113196145463874,0,11.689593110430899,0,11.689593110430899
-0.26716684371946725,0,11.205537279278838,0,11.205537279278838
-0.04202814712866744,1,11.54727319251949,1,
0.8680859050461402,1,14.14459413323253,1,
-0.17454952474643617,0,9.734763727255661,0,9.734763727255661
0.20592420802684638,0,11.369812007958961,1,
0.7380293348798522,0,9.599841073935515,0,9.599841073935515
-0.6441020600264533,0,8.334419769357092,0,8.334419769357092
-0.3021730255771877,0,8.751103112104072,0,8.751103112104072
-2.1601466509533154,0,5.719240543809611,0,5.719240543809611
-0.8393751990943457,0,9.036208353592672,0,9.036208353592672
-2.121076578501334,0,5.085408037258248,0,5.085408037258248
0.46585643122343434,1,12.331747583096666,1,
1.272008557469853,0,12.622673259506659,1,
-0.6520436849496231,0,9.134452652281377,0,9.134452652281377
-0.49035467760559903,0,8.19944214798268,0,8.19944214798268
-2.1949551296881413,1,10.150006815415805,0,10.150006815415805
0.44609899068617115,0,9.529570034027682,0,9.529570034027682
-0.6237889366368542,0,8.877432801224996,0,8.877432801224996
-0.5750801831495037,1,9.653354270589865,1,
0.09789501438739996,0,8.731115507405999,0,8.731115507405999
-0.5729746329848746,1,11.741148741192315,1,
0.393794829384806,1,12.702269677557794,0,12.702269677557794
0.12620112185068177,0,9.496016012716591,0,9.496016012716591
-0.04202477113153755,1,12.046712927580865,0,12.046712927580865
0.8910030880446876,1,16.24065043732975,0,16.24065043732975
0.028870911294508184,0,10.83222492746313,0,10.83222492746313
-1.3588367522267504,1,10.40504277295616,0,10.40504277295616
1.1658530093953987,1,15.945349018743865,0,15.945349018743865
0.7064507414412649,1,14.875886662138543,1,
0.3189868218921149,0,9.838242394583222,0,9.838242394583222
-0.9641462028058548,0,8.453880885046674,0,8.453880885046674
-0.7504082499443389,0,6.867733419833723,0,6.867733419833723
0.0723430930771468,1,12.48543913086101,0,12.48543913086101
0.5976179834063736,1,13.017845875905643,0,13.017845875905643
-1.45347497050366,0,6.760610444529055,0,6.760610444529055
2.209156241227325,0,14.965090686569923,1,
-0.6195135687853892,0,7.715558071693233,0,7.715558071693233
0.5236754338642836,1,12.505980495361316,0,12.505980495361316
0.2323368355831042,1,12.61619574397339,1,
1.6083931772523126,0,12.979452711247077,1,
-0.6777051809960972,1,9.47643254472207,0,9.47643254472207
-0.8914827822406765,1,8.866967782468327,0,8.866967782468327
-0.5125503854373886,1,10.514180921251457,1,
-1.4681467959909342,1,8.76078993098456,1,
1.532914834498218,1,15.402439785348149,1,
0.9588681676429006,1,12.59530551510424,0,12.59530551510424
-0.059593478921180824,1,12.38041254894979,0,12.38041254894979
-0.5538873897096284,1,8.331900153081214,0,8.331900153081214
1.3662867589651924,1,14.06065802755489,1,
1.2031524402146285,1,13.416953542048013,1,
-0.8090118912985598,0,7.142351308263406,0,7.142351308263406
0.6810499906656038,1,14.564034801764945,0,14.564034801764945
0.1704367140638248,1,10.326785286493385,1,
-0.9159194674667898,0,8.83221575229788,0,8.83221575229788
0.019775349156905413,0,10.716190563956438,0,10.716190563956438
0.12771968657372568,0,9.637130351289843,0,9.637130351289843
1.0218860544152812,1,13.20332640000919,0,13.20332640000919
0.48958840683719335,1,13.837067211069604,0,13.837067211069604
-1.4121177005352024,0,7.931408188847417,0,7.931408188847417
-0.6674320844525365,0,9.850437230120907,0,9.850437230120907
0.2035618349796547,0,11.337068235209102,0,11.337068235209102
-1.3412630617406913,0,8.023031386949807,0,8.023031386949807
1.0793818370919932,1,11.786805388226282,1,
-0.7749993459405913,0,9.654680776272066,0,9.654680776272066
-0.830712888272181,0,7.371533681023903,0,7.371533681023903
-0.30483463764077534,1,11.32940865680319,0,11.32940865680319
-1.0150086552464852,1,8.893171491741374,0,8.893171491741374
-0.8814264945971203,1,10.399058543906103,1,
1.9146103418678115,1,16.397601967635758,1,
0.41534628526914597,0,10.504878633815567,0,10.504878633815567
0.7321645673023615,1,15.023586525605614,0,15.023586525605614
-0.6320008131899917,0,9.986791059690432,0,9.986791059690432
-0.6768064276586502,1,10.926967823228885,0,10.926967823228885
-1.2626049766902114,1,8.551444623973063,0,8.551444623973063
-0.363617571928761,0,10.740712997593649,1,
0.7330703074123412,1,13.288674613262357,1,
1.3488586342418334,1,14.248680509460497,0,14.248680509460497
-1.524194413280816,0,7.173137445537428,0,7.173137445537428
-2.2309271249208424,0,3.289280885663178,0,3.289280885663178
0.886176938123234,0,12.125575047980274,1,
-0.6706674086924871,0,9.1365360415833,1,
0.40585239195031314,1,12.557443722762692,0,12.557443722762692
0.6746175558675643,0,10.955900821131063,0,10.955900821131063
1.155513096846035,1,14.46796309520636,1,
-0.2223948030120566,0,9.80942391009555,0,9.80942391009555
0.15179917861154105,1,13.164439544260235,0,13.164439544260235
-0.9484475308257343,0,7.7713521138730375,0,7.7713521138730375
-0.8993781328972208,0,7.011769823150529,0,7.011769823150529
-0.24721092826751465,0,10.101365790075024,0,10.101365790075024
-1.5632444681655489,1,10.539788034947593,0,10.539788034947593
-1.867990664835386,0,6.9883303256525275,0,6.9883303256525275
-0.38371499033660167,0,8.957843778306016,0,8.957843778306016
0.9577519342496091,1,12.786059486597221,1,
0.4890543048685138,1,12.6275066929624,1,
1.6210203551878883,0,13.72135381020106,1,
-0.45397682184346916,0,8.832479311654795,0,8.832479311654795
0.18415032021530398,0,10.423880274165723,0,10.423880274165723
0.9609468016951498,0,12.327281041319445,0,12.327281041319445
1.0310803835177755,0,12.069786948011197,1,
-0.7630212016964822,0,9.52600064936948,1,
0.04846823152126966,1,11.672628253837047,0,11.672628253837047
0.08079143319534887,1,12.911851554321025,0,12.911851554321025
-0.7059384498530032,0,8.862222427829126,0,8.862222427829126
-0.20921769553988617,1,11.892472506350286,1,
-0.5349108009446006,1,10.50131135002938,0,10.50131135002938
-0.9083060057653216,0,7.417871108044953,0,7.417871108044953
0.06610261049933833,0,7.113120213622852,0,7.113120213622852
-0.3870692004775963,0,9.515716192527712,0,9.515716192527712
0.8356196702497061,1,15.475758246611605,1,
0.3649847444564993,1,11.95702260912865,0,11.95702260912865
0.25378148324079175,0,10.243387105503347,0,10.243387105503347
0.21164540168706686,0,9.108070760954945,0,9.108070760954945
-0.6932745327785236,0,9.006954502413018,0,9.006954502413018
0.5267012951265145,1,14.622555560204415,1,
2.104139776585412,1,16.9350414133021,1,
-0.9755679664645039,0,8.612272620197553,0,8.612272620197553
0.09722998837399713,1,13.898869062416459,1,
1.451281453388203,1,14.969306578369155,1,
1.553142036611871,1,15.191155392541964,0,15.191155392541964
0.6934016963791129,1,14.83795340947226,0,14.83795340947226
2.0619917655741586,1,16.275606091964015,1,
-0.21048825225048748,0,10.860420768485682,0,10.860420768485682
-0.712340667290068,1,12.44894786114297,0,12.44894786114297
1.0966551334341161,1,14.486917129015673,0,14.486917129015673
0.5337248458679615,0,10.430769171352006,0,10.430769171352006
0.11257401754525889,0,9.770417968380553,0,9.770417968380553
-1.269956657122821,0,7.580919855767337,0,7.580919855767337
0.5649233678497246,1,14.233310387947958,1,
1.0941039506236216,1,12.78448989623447,1,
-1.6135070899709614,0,7.295736827244865,0,7.295736827244865
0.7263729609096736,1,15.708933360280168,1,
-0.12234662448158108,0,9.295738637526402,0,9.295738637526402
0.8592057248172288,0,11.919557183087013,0,11.919557183087013
0.8032430176123565,1,11.317741634392089,1,
-0.9794345028868546,0,7.579449546345904,0,7.579449546345904
1.1660860914395579,1,13.736249349048753,1,
-0.6167106426065743,0,9.271214437958905,0,9.271214437958905
0.5327405582547184,1,12.354428715005247,1,
-0.0864369719407439,1,12.001796825176333,0,12.001796825176333
0.580999217020503,0,11.253314012876402,1,
-0.16459328184482716,0,9.469515523037565,0,9.469515523037565
-1.2170008698332266,0,7.992076121964105,0,7.992076121964105
-0.7425483370007412,1,9.643305532379529,1,
1.003128367915197,0,13.604506227972657,0,13.604506227972657
-1.1532517015987436,1,7.874424763291075,1,
-1.5827681902797908,0,7.220155853576194,0,7.220155853576194
-0.6409341612305505,0,8.844437844389459,0,8.844437844389459
-0.19826749139164987,1,14.697886176248618,0,14.697886176248618
2.080492780270604,1,16.43430235470698,1,
-1.278251168370716,0,8.664651580236173,0,8.664651580236173
-0.8188095974109083,0,6.482554376635392,0,6.482554376635392
0.4905168106898531,1,12.586115384516926,0,12.586115384516926
0.7009283781421735,1,13.750581340963766,0,13.750581340963766
-0.8077140703929646,0,8.535099859913272,0,8.535099859913272
0.30747120860110566,1,13.17792380467157,0,13.17792380467157
0.5457326040879878,1,13.6866197603458,1,
-0.5456848736364003,0,8.17197126838653,0,8.17197126838653
-0.7175240563107456,1,10.981389709836302,0,10.981389709836302
0.5220256199072805,0,11.860607466611313,0,11.860607466611313
-0.7315081724207312,0,9.703741478952026,0,9.703741478952026
-1.1381705704966953,0,8.43335634011166,0,8.43335634011166
-0.8024724027685585,0,9.702921088692143,0,9.702921088692143
-0.3630181960426224,0,10.56344030232192,0,10.56344030232192
0.4202165544957246,0,9.883324348686923,0,9.883324348686923
0.07551444584044852,1,14.46169410985542,1,
0.33318934720035875,0,11.263868306801088,0,11.263868306801088
2.0452894625958753,1,15.715915807882997,1,
1.842425941056234,1,14.403716492631728,1,
-0.08644872727094186,1,12.139986641924521,0,12.139986641924521
0.13076708798467404,0,9.335467530776008,0,9.335467530776008
1.1356665605781562,1,13.62989575181302,1,
-1.1554099977289038,0,6.670825376070117,0,6.670825376070117
0.42281617683706524,1,13.039031925271685,0,13.039031925271685
1.8865608714080235,1,17.456781406344668,1,
0.19879402847172062,0,9.57477259113475,1,
-1.237175941376186,0,8.906045393298148,0,8.906045393298148
-1.6992391588358249,0,8.102289221506412,0,8.102289221506412
-1.105937158752549,0,7.519219769475611,0,7.519219769475611
0.016459301653513683,1,12.609429219765328,1,
-0.7667738061037435,0,10.384113690111828,0,10.384113690111828
-0.6209490954458794,0,8.216194986162726,1,
-0.8247345211691217,0,7.302185931494197,0,7.302185931494197
-0.5935747475498033,1,9.320907808659484,0,9.320907808659484
0.5275600802804253,0,12.161729136589454,0,12.161729136589454
-1.3958993355636218,0,8.01282687735766,0,8.01282687735766
-1.1704611828930185,0,7.8656819323977265,0,7.8656819323977265
-0.5803194248296604,1,9.93832399885473,0,9.93832399885473
0.10843295529565775,0,9.893061554513716,1,
0.7022651709600596,1,12.131060226116382,1,
-0.822255050539067,0,7.578596448602498,0,7.578596448602498
-0.9827831512040097,1,9.620516124216552,0,9.620516124216552
0.14654227044507384,0,9.088593365092043,0,9.088593365092043
0.14688306800432718,1,12.519199496210776,1,
-0.292895852517957,1,11.928758245215494,1,
0.2753431882947989,1,13.871386712324338,1,
0.6302200127762475,0,11.589453720609194,0,11.589453720609194
-0.13948494883106316,0,12.555293250769688,1,
-0.4550084456025211,1,9.93957697882233,0,9.93957697882233
-0.6238030479734952,1,11.56763795469484,0,11.56763795469484
0.2459589340452759,0,10.329922565426823,0,10.329922565426823
-0.49679994530726873,1,10.864238440823096,1,
0.7923038336614001,0,10.760963852649795,1,
-0.1009541108073787,0,8.72776028939217,1,
-0.4493072475236759,1,10.558040656163532,0,10.558040656163532
-1.101497111194789,0,7.795780371080213,0,7.795780371080213
-1.0928600923135503,0,6.486657063381346,1,
-0.11649940554899832,1,11.617365120196984,1,
-0.022523357174496286,1,13.241750201945724,0,13.241750201945724
0.3416784147009567,1,11.755225167133032,0,11.755225167133032
-0.28230809303926174,0,9.9236745707017,0,9.9236745707017
0.6344792076113424,1,12.106351391152812,0,12.106351391152812
-1.3962232229943583,0,6.231971062368935,0,6.231971062368935
0.07419758119911952,0,9.201594782932458,0,9.201594782932458
1.4446547288602267,1,16.022017762745566,1,
1.2653995663969826,1,14.286179038678771,1,
1.8544983057494646,1,15.236032356214844,1,
1.5488120643140613,1,15.836301620042235,1,
0.8942669841637486,1,12.38410149340961,1,
-0.0683887434276874,1,11.789825649486296,1,
0.439107427310363,0,10.244595783699987,0,10.244595783699987
-0.19280355334434035,0,9.117187757765679,0,9.117187757765679
1.2552796360989058,1,14.518773357665134,1,
0.10302304718046083,1,10.748706936335262,1,
-1.2111942011936465,0,8.253676567782477,0,8.253676567782477
0.7005960201240087,1,12.45861787035858,1,
0.690286730482624,1,14.249491956523663,1,
-0.24920319055570056,1,10.687308795109397,0,10.687308795109397
-0.5417858007270555,0,9.055300828921707,1,
0.7645067253120987,1,14.445110639619513,0,14.445110639619513
2.032126743596909,1,16.08424102963789,1,
-2.3220594409265685,0,4.115708544668494,0,4.115708544668494
0.7843818216497065,0,11.722831090909061,0,11.722831090909061
0.11302419891534163,0,9.424594360605203,1,
0.15701248729261766,0,9.96346793329274,0,9.96346793329274
-0.2408472486202615,0,10.049011674577832,0,10.049011674577832
-0.45541361825919535,0,7.926740453629247,0,7.926740453629247
1.1531103619495298,1,16.064894642115338,0,16.064894642115338
0.5379420550737778,1,13.97558937548593,0,13.97558937548593
0.7977664800081535,0,11.505013381639925,0,11.505013381639925
-0.04344180678129183,1,15.62703411010454,0,15.62703411010454
1.09134763894676,1,14.179613984224254,0,14.179613984224254
-1.5799780814203017,0,7.1313763178585905,0,7.1313763178585905
1.223189705686019,0,12.381856766659133,0,12.381856766659133
-1.464619255351774,0,7.506256720793559,0,7.506256720793559
0.6545197902296009,0,12.280140522146217,1,
-0.10628867210382274,1,13.041531656278945,0,13.041531656278945
0.5144010425261084,1,14.328648176448453,1,
1.203765972141954,0,12.760450850881305,0,12.760450850881305
-0.3983622190928227,1,11.875078972431565,0,11.875078972431565
-1.1389573453360573,0,8.244086771090618,0,8.244086771090618
-0.537373021110911,0,8.306324316430011,0,8.306324316430011
-0.2121901549699728,0,10.897650008075335,1,
-0.4076496647275204,0,9.50565861567586,0,9.50565861567586
-1.0892621388126495,0,7.092536380353233,0,7.092536380353233
-0.011703953010596924,1,11.641553238183585,0,11.641553238183585
0.13960567774414925,1,11.773360212716687,1,
-0.8522468748380335,0,7.483978686429635,0,7.483978686429635
0.9955759708062962,1,12.516853518565838,1,
0.9614163005627113,1,12.016363328480999,1,
0.05741453786311478,1,12.290180880814559,0,12.290180880814559
-0.5098205828775598,0,8.939061188308926,0,8.939061188308926
0.47358204329628134,0,9.1405011786112,1,
0.2995789339848889,1,12.128732585825297,0,12.128732585825297
-0.9609541020867056,1,9.134941938732338,0,9.134941938732338
-0.9530568738869676,1,9.332651375647421,0,9.332651375647421
-0.4216858136614669,0,8.581467437717,0,8.581467437717
0.2545713769478226,0,11.010653286794803,0,11.010653286794803
-0.9534382563207172,0,9.239042710844448,0,9.239042710844448
0.5552229078612272,1,14.038173040504415,0,14.038173040504415
0.7652587071123108,1,11.9061549693752,1,
0.024501907628480507,1,12.277689843934056,1,
-0.20085561966204,0,8.555704396257328,1,
0.9974972413043777,0,10.877826247302453,1,
0.6941784997331202,1,14.104656718835832,0,14.104656718835832
-1.1742324464119878,0,8.322879036009752,0,8.322879036009752
0.08184206529176752,1,11.613991700428182,0,11.613991700428182
-0.18046821864017668,1,11.721030926315278,1,
0.5846391861166573,1,15.395935845921008,0,15.395935845921008
0.804427253268125,1,13.927045574793231,1,
-1.5890760968619488,0,5.906240986158554,0,5.906240986158554
2.058664646396728,1,14.892475311373474,1,
-2.401225347510119,0,5.105078766704784,0,5.105078766704784
-0.7653152597556899,1,10.550325014344338,0,10.550325014344338
2.235381481196616,1,15.953743305786558,1,
0.37028842600171274,0,11.5261463602455,0,11.5261463602455
1.556445853559797,1,15.736325898488095,1,
-0.5495625903301845,0,8.575100176266957,0,8.575100176266957
-0.651496966981406,0,9.257270611995974,0,9.257270611995974
0.39279658714684074,0,10.418889167305903,0,10.418889167305903
-1.5292834242333568,1,10.286811289259337,0,10.286811289259337
-0.6082958251082473,0,9.315632870242581,0,9.315632870242581
0.4559195928486249,1,12.982043115038413,0,12.982043115038413
-0.5869753339238842,1,8.865957396061583,1,
0.6286835417906108,0,12.18150147522148,0,12.18150147522148
-0.7509504103089798,0,8.543999875440436,0,8.543999875440436
0.6808551217982102,1,14.362370175505333,1,
1.1430414293529843,1,14.343459059219807,1,
-1.4251302537324069,0,8.398188041948531,0,8.398188041948531
-0.26337542408476006,1,11.67585048915493,0,11.67585048915493
-0.918351701045966,0,8.350635620429053,0,8.350635620429053
-0.0100570436725098,0,8.326232085253315,0,8.326232085253315
-1.279626905082436,0,7.723944492343635,0,7.723944492343635
0.679645006346313,1,14.345312588645026,1,
-0.026952819386225742,1,12.839735305602362,0,12.839735305602362
-0.5301287941530929,0,10.426588239271203,0,10.426588239271203
-0.24951748250591368,1,10.600209934954616,0,10.600209934954616
0.1637167301071469,0,9.966476152229529,0,9.966476152229529
-2.3890307962189583,0,5.599670343762254,0,5.599670343762254
-0.7850764858325453,0,8.200046080194761,0,8.200046080194761
-1.4688088997419344,1,8.232617421291893,0,8.232617421291893
-0.2502785557871367,0,8.053457494577444,0,8.053457494577444
0.050256688278292966,0,9.222530829283867,0,9.222530829283867
1.5317633225364196,0,14.010142484910213,1,
-0.25733025661726033,0,10.766740516378174,1,
-1.5604110825748343,0,6.552474535635924,0,6.552474535635924
0.9732302997655857,1,14.456264980317062,1,
-0.54523252726639,0,6.90932589144299,0,6.90932589144299
0.09727741989272885,0,10.662966126796098,0,10.662966126796098
1.3560604968737544,1,15.294172207149604,1,
-0.9787632206056921,0,7.313533706523175,0,7.313533706523175
-1.2531347244489368,0,8.191919227081014,0,8.191919227081014
0.25044584618837507,1,13.456270740716203,0,13.456270740716203
0.39072098169218145,1,14.482052902297726,1,
-0.7139176795739764,0,9.088859985374487,0,9.088859985374487
-1.6816904581672052,0,5.989845946661706,0,5.989845946661706
-0.7833359699001221,0,9.787871428710623,0,9.787871428710623
1.445837336087044,1,16.900775520885446,1,
-0.6726058072277329,1,7.747554162012499,0,7.747554162012499
-0.4273973652291027,1,12.268963955887342,1,
-1.1068435245112274,0,7.170320464203702,0,7.170320464203702
0.7527281323341022,0,12.014664517208555,0,12.014664517208555
-1.1805984179721338,0,9.019273205812445,0,9.019273205812445
-0.9422742386750894,0,7.9829510192283974,0,7.9829510192283974
1.0027597093380076,1,13.240529893481119,1,
-1.8260415497079765,1,7.938752458152419,0,7.938752458152419
0.11982117320353014,1,12.441029528459532,1,
0.38722168007200103,0,11.766257168392121,1,
1.3023127603511302,1,15.48868019765538,0,15.48868019765538
-0.7084428534876124,0,9.028840098000137,1,
-0.8583566027103526,1,11.469282918115153,0,11.469282918115153
-0.2862890484391734,0,7.799147538203535,0,7.799147538203535
1.2295210799551581,1,13.336275095637207,1,
0.8984571771605241,1,13.375503263317695,1,
-0.7933638408771811,0,8.406649413211971,0,8.406649413211971
-0.22501113841295686,0,10.441174848413848,0,10.441174848413848
-1.1661420632238173,0,7.073328768634912,0,7.073328768634912
-1.6476576787591524,0,8.24995835916571,0,8.24995835916571
2.119541201632173,1,16.740059555425148,1,
-0.7305351389246048,0,6.5879534427303925,0,6.5879534427303925
0.3214403676719232,1,12.721412266586626,0,12.721412266586626
0.20498159104012975,0,10.226571963563076,0,10.226571963563076
1.1471997462662116,1,14.742362351340326,1,
0.5755758088307172,1,12.497187898319774,1,
1.7047015975495856,1,16.86700000076588,0,16.86700000076588
-1.2330318567693037,0,7.359018564031004,1,
-1.0845687649874005,0,7.194244904490284,0,7.194244904490284
-1.6452328579716622,0,7.101867298571894,0,7.101867298571894
-1.1064373249025437,0,6.699898802731504,0,6.699898802731504
-0.8534844024670811,0,9.111089422928213,1,
-2.1318983151593742,0,6.100258997424587,0,6.100258997424587
-1.9017838500831206,0,7.136753177450585,0,7.136753177450585
0.10254182040514243,0,11.345064254521212,1,
-0.41805540324441187,1,12.01337010986621,0,12.01337010986621
0.8185958048256678,0,10.75353987049376,0,10.75353987049376
-1.8064460508639526,0,6.642143003920911,0,6.642143003920911
-0.033342102106159274,0,11.554815609439796,1,
-1.2458999940398665,0,9.716683569562132,0,9.716683569562132
0.18418936082056042,1,14.744898870829982,0,14.744898870829982
-2.3952692304155723,0,4.844074920077175,0,4.844074920077175
1.5123004186363092,1,16.11384166236671,0,16.11384166236671
-0.40977836891837627,0,9.788772210681605,0,9.788772210681605
1.918368252748233,0,16.047081031247956,1,
0.4648157140757172,0,11.000295392309877,0,11.000295392309877
1.0859723783579143,0,10.00506878242139,1,
1.010542703410279,1,15.342020402892958,1,
0.31426694708331526,0,11.824173340484236,0,11.824173340484236
0.015667202055203597,1,9.81756735119674,1,
-0.6719509142227854,0,8.217905720620566,0,8.217905720620566
0.7493651433790571,1,14.636739564212558,1,
-1.427139012757083,0,7.971925770510163,0,7.971925770510163
-1.1944088224796632,0,6.642085917218083,0,6.642085917218083
0.16119342621593075,0,10.574799869166974,0,10.574799869166974
-0.4119331036309165,0,9.029520778358435,0,9.029520778358435
-0.6287236107222697,0,7.543983841926466,0,7.543983841926466
-0.38606349445362464,1,10.94391991357742,0,10.94391991357742
0.48828180138121924,1,13.94479716072999,0,13.94479716072999
-1.0568625365323632,1,8.87827579154057,0,8.87827579154057
0.9830583870919245,1,14.050513711946435,1,
-0.5385153126963218,0,7.3000052097414185,1,
0.14166238949508633,0,9.95982521355973,1,
0.9781733145437728,1,14.389127568298521,1,
-0.47071592904030624,0,9.234096161939782,0,9.234096161939782
0.7489385791170501,0,10.780669372396435,0,10.780669372396435
0.2439003634956878,1,11.67599830654285,0,11.67599830654285
-0.6903367200851634,0,8.68320443095045,0,8.68320443095045
0.4823331243217359,0,10.199496150689153,0,10.199496150689153
0.7034711295451217,1,13.973042268173247,1,
0.5328433533653942,1,14.104528816911408,0,14.104528816911408
2.1925534473404933,1,16.63573110867144,0,16.63573110867144
1.3946988715240733,1,16.17730927855849,0,16.17730927855849
0.26877794657006143,1,11.863099753710143,1,
-0.851617601178957,0,7.432672371315025,1,
-0.994436931274485,0,6.740500194497519,0,6.740500194497519
-0.3820264277587708,1,9.396184721760248,0,9.396184721760248
-1.321855383446061,0,7.06981056508153,0,7.06981056508153
-0.9146787466639156,0,9.915855125095291,0,9.915855125095291
-0.5549223823720804,1,11.005714977513867,0,11.005714977513867
-0.7407316740456098,0,8.171007512726852,0,8.171007512726852
0.34993465505443205,1,11.961207332061763,0,11.961207332061763
-0.33459443271182915,0,10.03294630269626,0,10.03294630269626
-0.6290224619437441,1,10.388174082203363,1,
1.2610215941335743,1,13.784823404592643,1,
1.0924423271055321,1,13.595649351469573,1,
-1.206415826727677,0,7.081306667252838,0,7.081306667252838
-0.17140077412945018,1,10.489709368898586,0,10.489709368898586
-1.091866660019367,0,9.407511787453803,0,9.407511787453803
-2.098682948320591,0,5.5416160169276,0,5.5416160169276
0.05696245871393634,1,12.21529920134631,0,12.21529920134631
