Z,A,Y,U
0,0,6.046779009712409,-2.221253875745377
1,1,11.415190309651404,0.025999652649581352
0,0,9.099591931959324,-0.5389690203529267
0,0,8.56908273148534,-1.1291927754818196
1,0,5.60283948205501,-2.441866645632954
1,1,13.252864364226353,0.7653914031615243
1,0,8.219425876256402,-0.7597093453832795
1,1,11.800782996816535,0.2669961949272511
1,1,13.278574173382431,0.7017808518851028
1,1,12.491402851235836,0.2921213158190323
1,1,11.723993847370926,-0.19809308384188445
1,1,13.43701769162397,0.6587712633582326
0,0,10.184433902188827,0.5199574310030347
1,1,13.460499441514587,0.5990114185671891
0,0,6.5235107195101145,-1.6515809534097465
0,0,9.580778042527308,-0.3924406993260177
1,0,9.881280585747072,-0.6773169588205007
0,1,18.459591442508906,2.936010765698419
1,0,9.046833643447687,-0.6646272262326735
1,1,14.3900119257188,1.2574634446471256
0,0,6.931509893510529,-1.6811072148716157
1,1,10.212061987458855,-0.3995734603257533
1,1,8.096828247063119,-1.4327367537731586
0,0,9.640494407913442,0.19294244931920737
0,1,15.169581745267427,1.8133575161831403
0,0,8.216631710820861,-0.8917145205416988
1,1,13.744041202157137,0.7895487881079712
1,1,13.73155346140875,0.7744269274189531
1,1,13.595567598353703,0.6402849053185113
1,1,11.904003264952395,-0.22629012851584646
0,0,9.61229944397625,-0.15511152517752427
1,1,12.128896239251544,0.1357670813244038
0,0,11.116610138633808,0.20712397429002277
0,1,11.664699058968298,0.15661144530507198
1,1,13.981409488096984,0.7790016682774777
1,1,11.390029875351999,-0.12641764227699995
0,0,10.276919412617175,0.5466948093298707
1,1,11.801478911794446,0.3043578489631048
0,0,7.5537719199791,-1.1217465716449955
1,1,10.374296585593573,-0.9157117311829386
1,1,12.905831232350556,0.5673600872781462
1,1,12.876106159048465,0.48441871705173456
1,1,14.209325915801047,1.0824051701298816
1,0,5.921093347443601,-2.2349721654025054
1,1,13.10588859265991,0.6137257714692409
1,0,5.274797854166067,-2.4124817660513886
0,0,11.12681149600971,-0.05619248811950657
1,0,4.2126090613059946,-2.480624084585887
0,0,11.675795554293465,1.348281915243098
1,0,8.343457513367023,-0.8588094160206777
0,1,16.410978245840983,2.174576084017792
0,0,10.441375818412078,0.21020079374027523
0,1,12.046108404245164,0.8432831603214778
0,1,12.974359168190457,0.5735034118643726
1,1,15.648618489416716,1.7975854062361283
1,1,11.370946419543655,-0.029638388270332904
0,0,7.543887988948339,-1.141715082797342
1,0,7.379250219792837,-1.185882152733331
1,0,8.758302271105764,-0.9171742457584934
0,1,12.603698373221892,0.052650061610921235
1,1,12.138771929931279,0.3506347558482142
1,1,11.753350648746236,-0.259445029011881
0,1,12.416738088645877,0.15523458083955566
0,0,12.598825958165087,1.5529693472629076
0,0,5.850520208743003,-1.7688255075629586
1,1,9.964156055635387,-0.5514149862416227
1,1,14.766928435021196,1.0262592269084683
1,0,7.154274239933935,-1.0660608532560127
0,1,14.054058952236268,1.0377617641232724
1,1,10.305272523591972,-0.424800626521208
0,0,8.204549358882375,-0.5849302908007318
1,1,11.859741519853504,-0.19356211553497682
1,0,10.393367449905416,0.17278667373147089
0,0,9.666627660789533,-0.3412930654860201
1,1,13.825044055398449,1.5198467925976922
0,0,10.328111651598782,-0.36040250800099527
1,1,15.147394755775805,1.196805764738728
0,1,14.01073021892763,1.0997383289484357
1,1,11.905694447230971,-0.20128900538686428
1,0,13.04935192129045,1.3971294839903257
0,1,15.578746548272079,1.8472524597804576
1,1,13.263699376287665,0.6593251585256762
0,0,12.253956387017524,0.8903562474049924
1,0,6.278217702020431,-1.7331004786203248
0,0,10.806178040292922,0.6095007518217401
1,1,13.801883639740204,1.1320764129598004
1,1,16.845700437648805,1.8614751521564687
0,0,8.957395845778233,-0.4199949025143882
0,1,11.934903717792563,0.24266986572683572
1,1,14.524791542404836,1.233624266692747
1,1,10.733590921709245,-0.6615567428361304
1,1,13.512144369748297,0.666831993874493
0,0,5.034604969059652,-2.8975960480038756
1,1,13.03815228180599,0.6290134099908832
0,0,5.8313924336091985,-1.609352238226182
0,0,6.645535653717797,-1.64413471118038
0,0,8.44377392536748,-0.3124223378405143
1,0,9.470167506998918,-0.49474574888162626
0,0,9.088846983742746,-0.0005655605321230105
0,0,5.17735435371264,-2.5270714567959067
1,1,10.814194410809392,-1.0773331590483546
0,1,16.564947376905593,1.8268447990865608
1,1,11.995355577495195,-0.0034569477574328926
1,0,7.900328663280666,-1.0609045187759654
1,1,13.693969562064407,0.7164387133526796
1,0,9.142273258793338,-0.23174716780021826
0,0,12.355325745940945,0.7873794491761389
0,0,9.269604321081765,-0.34310673331541663
1,1,15.938109760631335,1.9064239970431653
1,1,11.982296533671104,0.19594610890845515
0,0,10.30303398200044,0.3494399453206961
0,0,6.518718813689053,-1.8204279972056467
1,0,8.00789653588532,-0.9470563111903616
0,1,14.330451594933221,1.049816687463589
1,0,9.499789797060881,-0.8464097980780796
1,1,14.220686093158227,0.9524240947839412
1,0,6.584336088885822,-1.7392849945210138
1,1,11.200787358775894,-0.12169417260233076
0,1,13.085388043993797,0.8527750745611803
1,1,11.121965460109532,0.08905106923140994
1,1,11.072099003884283,-0.3897264490229021
1,1,13.640853896312391,0.8815750536928294
0,1,15.257706109856423,1.784612401676478
0,0,11.325343798088037,0.4736245118177991
0,1,15.17184199554864,1.5646071123037484
1,1,12.786866647817087,0.992847855031292
1,0,9.507684826213932,-0.5569346455832338
0,1,14.080097070128511,0.26503647031669314
0,1,15.61376879439002,1.5015685947845274
1,0,7.657137348585692,-1.2010059748658735
0,0,7.998999923635468,-1.1591050732034571
1,0,9.4935237734314,-0.571992880655174
0,0,5.070994163974593,-2.333973212737229
0,1,12.180755895394352,-0.16862636949857085
0,1,13.537284656791877,0.7729327784548723
0,0,10.201410940372698,0.07297662847478588
1,0,7.0842436894822844,-1.6103228637151952
1,0,6.0012240348487245,-2.2537521841227703
0,1,11.43847115350001,0.21677955894163997
0,0,11.597936257700916,0.7001355069475316
1,1,14.89792731125074,1.178199263645443
1,0,10.286524830380607,-0.2777911567830967
1,0,5.558254692602975,-1.7607331245481015
1,1,13.092597242477165,0.1902324425909907
0,0,8.681867435655946,-0.8973514654713385
0,0,6.617860898813239,-1.757211588583381
1,1,13.966444566347704,1.1641098020435843
0,0,5.935138239589034,-1.7740852313179638
0,0,11.734320342860608,0.9027550268786733
1,1,9.428567871579917,-1.096182399752595
1,1,13.042657840128324,0.37566212903729146
0,1,13.88149944830214,0.631780983422596
1,1,12.981554546366485,0.6684543371716936
1,0,8.956709613772754,-0.5458133771480481
1,1,13.052751692014057,0.7217060275057615
0,0,6.310422686385135,-1.7712456417116744
0,0,6.024320903052414,-2.1035715365868453
1,1,10.157250447630398,-1.0385555541730285
1,1,13.070213705074872,0.5792355159215262
0,0,10.644416104851171,0.36751818460769975
1,1,11.539214843626912,0.2583819067363226
0,0,11.619589387463918,0.32362746828555716
1,1,9.755164639714096,-1.0321926039420186
0,0,10.90846599758635,0.5950631671109637
0,0,7.081145810848966,-1.0493359658885195
1,0,5.995610286814264,-1.389004412050653
1,1,12.636122225534683,0.22189125583215408
0,0,8.157619770634128,-0.8785540332418371
1,0,8.07281329411906,-1.4935227275358456
0,1,11.51295544984583,-0.2342955664884054
1,1,12.88253526480458,0.5337217652061484
1,0,9.155378931304117,-0.3326221736092843
1,1,10.38891501787641,-1.004854435195507
1,1,12.240829604914504,-0.07571547716596307
1,1,14.941970299679037,1.2606702350955483
1,1,9.687368657555107,-0.9173133203150231
1,0,11.12662476685608,0.3501069994709503
0,0,7.846635892258593,-0.8180499673024364
0,0,9.62035455228841,-0.36426274110470913
0,1,13.201051542291044,0.6178670809222103
0,0,9.383388220533732,-0.3867479377615388
1,1,11.923799778118468,0.3316803676443711
1,1,11.109197669936655,-0.07366835537142585
1,1,11.728823019123318,0.025731798243372905
0,1,12.63833829561102,0.5679000064912474
1,1,14.63074441658786,1.527441032420882
1,0,7.223394243463054,-1.3984112527512305
0,0,8.652165934555587,-0.9090812945761586
0,0,10.355796893763177,0.3195986925188033
1,1,19.161219230061445,3.0594403671849886
0,1,14.07472167185365,0.6309607155644319
1,1,16.144193434616593,1.795710225790824
0,0,7.24811584242768,-1.4188490982253137
1,1,11.842606988137078,-0.22382253127550608
0,0,14.30781292225368,1.8359389847846703
1,1,15.338506898629946,1.63104056131516
0,0,9.546297420216192,0.07963636744218562
0,1,13.035206241446543,0.24453945660753143
1,1,12.95140868947119,0.3026773481176949
0,0,11.626023306785866,1.044489957734694
1,1,13.194684590028404,0.7205471689903775
1,1,12.626367975067925,0.30274354060289566
0,0,12.040069958245299,1.0394699905558813
1,1,18.335041124553236,3.2324860071642516
0,0,7.682400331125149,-0.935274321786157
0,0,9.257206244950597,-0.5071594325561477
1,1,11.90675322742674,-0.5025994159987562
0,0,9.056184955990066,-0.010100199652063007
1,0,10.673382803707241,-0.4704081761467579
1,0,5.773374365186684,-2.2241975764658464
0,0,10.671407311850636,0.5217650655041294
0,0,8.87275977109574,-0.6377762519980454
1,0,5.5125202057282845,-1.7859253428857762
0,0,7.178668636301072,-1.2784040425860312
1,1,9.716521625704592,-1.187448864971359
0,0,6.368435567158661,-1.3649623133589066
0,0,9.235165356916555,-0.4567200078047207
1,1,13.703633216465114,1.1769770344795325
0,0,11.232058776651245,0.366346787083081
0,0,8.069326683286274,-0.3955019976755924
1,1,15.767200057855659,1.5144076605254146
0,0,9.69399720974834,-0.5927270712845112
0,1,11.13405552775878,-0.4760438355675344
1,0,8.05406670427046,-0.84610732599453
0,0,9.976518961374593,-0.22476764178745784
1,1,12.833507953501016,0.5644287469909892
1,0,5.92407151598426,-1.5305112020871374
0,1,11.550936922731072,-0.7528734887253545
0,1,15.92422902003447,2.194666405161291
1,1,9.99286565734383,-1.0456797562646578
0,0,9.848768537671052,0.311201770138623
1,0,9.649540100582252,-0.18489664474848802
1,1,12.599323124797873,-0.007089089892104181
0,0,9.815942723039285,-0.22297309521442055
1,0,8.368432003178933,-0.6852749350931376
0,0,9.479351124626199,0.18388013778366064
0,1,12.411983285094545,0.15769871905703267
1,1,14.164014620765688,0.9219052759796604
0,1,16.771979848769277,2.4316310936556405
1,1,11.053411191935963,-0.31500046196718545
0,1,14.26267137832077,1.5989103936465694
0,1,14.92142206824122,1.6533921050772384
1,1,12.452958599621734,0.2468301909949305
0,0,7.6845590654767335,-1.1407577617052447
0,1,11.841032933376002,0.17395676708037555
1,0,7.776734419530762,-1.496823531882599
1,0,9.410920798130258,-0.16813887591359752
0,0,8.045531582892506,-0.8226197613413093
1,1,13.291516218037543,0.7715748273674461
0,0,10.464679731909964,0.15710657563638142
0,0,5.50482769866285,-1.9867059512303908
0,0,10.589963834500422,0.46207180492336575
1,1,13.600528850859524,0.9200085437864719
0,0,5.398684411345561,-2.0713659493803798
1,1,14.57188113277143,0.8379779016268778
1,0,5.667512756126482,-2.211877459336814
1,0,8.19909376615672,-0.6404043271401975
0,0,10.555475876936107,-0.0885570658436478
1,1,11.394848270575995,0.1834284652762533
1,1,11.928089502345307,-0.13862347508517675
0,1,14.09130802756566,1.2973533491948253
1,1,14.224356100139339,0.8305113028529545
0,0,10.796476461260891,0.11837779119698785
1,1,13.159838185746183,0.5769673603151074
1,0,7.751643183788831,-1.089235583575958
1,0,10.30547584064228,-0.046442350607800345
1,1,11.37994545770384,-0.3379558494048718
1,1,14.40098332954227,1.412360868276784
0,0,9.276480722304827,-0.23757772844924097
1,1,13.777692577039126,0.6901547960986238
1,0,8.374042922688176,-0.40473019352885026
1,0,6.801995548068904,-1.347112922996795
1,0,10.648150873484614,0.5127100568817253
0,1,13.166295364206794,0.5237011817891438
0,1,11.20636864615462,-0.27005666717201215
1,0,5.24733162846997,-2.553512872566332
1,0,8.552734275211161,-0.9853196221785266
0,0,12.246320961668562,1.296872274552014
0,1,13.57157717582845,0.7841139972048071
1,1,13.358014640980729,0.7422172869894278
0,0,11.372320423744913,0.6028481108728521
1,1,12.381446345208579,0.09745514749588266
0,0,10.431511779543124,0.18668027745516083
1,1,14.25525838762889,1.2896503031040207
0,0,7.691317535907082,-0.9593657861904994
1,1,14.972734702514735,1.294240626138715
1,1,14.266513499135595,0.5548107612392951
1,1,10.22018474307494,-1.0794947390707
0,1,12.566339708550421,0.21688185263233836
1,1,13.621642220352308,0.5130497333932098
1,1,11.061618203808209,-0.06543011766950754
1,1,11.418981345412263,-0.641266029377764
0,0,7.833274116454491,-1.3212489401268142
0,0,7.958029947598736,-1.0559788246476263
1,1,10.633654893248435,-0.38171184159109417
1,0,8.269685324602678,-0.8880775222398304
0,1,14.70028455920022,1.0897423034572202
1,1,12.074964553141275,0.17828205662537805
0,0,6.942808503256687,-1.6446800797749206
1,1,13.17660731203857,0.5060057386890885
0,0,10.96092767555043,0.3480644331882383
0,0,10.40819155731738,0.13208754879228526
1,1,12.928214038772571,0.42705270688459424
0,0,12.027612077590248,0.7704433285702904
0,0,11.070974286920602,0.7246867472335498
0,1,14.26175225999074,0.945372186504114
1,1,13.920973852540799,0.838601961746298
1,1,12.978692071769789,0.7228637402257486
1,1,12.876788269984687,0.511724320109378
1,1,11.840759727532651,-0.35983515406037675
0,0,9.999032786146394,0.3573397744682136
1,1,12.05399857223201,0.32134174153483064
0,0,7.096084376242887,-1.503275040147254
0,1,9.716872739548801,-1.0085827671813974
0,0,7.052493101579926,-1.4807450902371404
0,0,8.009719520271652,-0.7565981678414141
0,1,12.945806721360526,0.7642535640263238
0,1,12.702006483333406,0.27562740071121505
0,1,10.520200507833597,-0.821743965697011
1,1,11.244557057345563,-0.04258942061021988
1,0,10.301977486018712,-0.03828974457692388
0,0,9.074004336748256,-0.4396055741688285
1,1,10.697252122482931,-0.8136098672539492
0,1,11.595036755468104,-0.19374942470099107
1,1,13.292500661271145,0.5427626375261467
1,1,12.491361311714105,0.03984443329844422
0,1,13.100267813162478,0.574912694823081
1,1,14.697625527738438,1.6117622788746342
0,0,10.919236435394865,0.8539592912215672
0,1,14.401096083116549,0.9710824878556246
1,0,7.8257570374798675,-0.6386763452291486
1,1,16.39053442937816,1.640780395912284
1,1,12.717032405840403,0.028120951658114648
0,1,13.475683121437129,0.30709666892496756
0,0,5.593974688278964,-2.371653301757554
0,0,8.74375473356409,-0.6794863832301925
0,0,11.079000803937433,0.17497651858624974
1,0,8.289782939392948,-0.8823489668512124
0,0,9.612191381421958,-0.4106245696779723
1,0,9.227113195413905,-0.5672224315328898
1,1,15.55390283402657,1.5081601113562995
0,0,7.5885760214640605,-0.47974158373528225
1,0,7.48268069576768,-0.9686699009888243
0,0,10.334879468890522,0.38820995148506954
0,0,8.170520568112766,-0.8872849264389925
0,1,13.459757898816886,1.0674500730855017
0,0,8.026380111751358,-1.0132362713405214
0,1,12.416300234277383,0.2454842657735218
1,0,8.820074338664813,-0.815673395902421
1,1,12.22078587536239,0.15498103762273244
1,1,13.301235502126989,0.8923693300370655
0,0,8.555347207522946,-0.47056202240619993
1,1,15.179113801049773,1.4678598470555784
1,1,14.761462285458085,1.5121996594817062
1,0,10.098626173091041,-0.0844316066759394
0,1,11.701380741687336,0.28797805791300535
1,0,8.152246800945063,-0.7731255515849424
0,0,14.110444858348265,1.8414135833602852
1,1,16.398387345737667,1.9170502872083977
1,0,11.626402726761063,0.7102247459428446
1,1,15.66269187228935,1.47341637113073
0,1,12.276470668205592,0.3115624593264602
1,0,9.216708588751537,-0.3017014230128336
0,1,15.124688293584931,1.150650632781334
1,0,6.039625158100173,-1.7480616230131043
0,1,9.814506500233431,-0.676537468719396
0,0,9.99481065001772,-0.05337055696453966
1,0,6.108518839954046,-1.9819324917745589
0,1,13.088534490531844,0.7154989845518417
1,1,14.59562980363955,0.7253792348417089
0,0,9.90572957278983,-0.24180755191525513
0,0,9.358874668231797,-0.1291642146317017
1,1,10.681383748804098,-0.7342163963608992
1,1,12.457407223719006,0.012794496791029127
1,1,11.240740280361072,-0.47342017009391824
0,0,10.277247411324083,0.733910514712724
0,0,9.576602321888034,-0.19689944986265742
1,1,13.248148300966472,0.8918289344550008
1,0,4.261577041533508,-2.640734259118974
0,0,8.018709233843285,-1.2444256299142045
0,0,10.508314903918986,-0.16116712249212217
1,1,19.085458073442346,3.0341532890612393
1,1,9.079265532495388,-1.3358835619838376
1,1,16.419269663882332,2.156758370125781
1,1,13.019649604865245,0.4507658098153915
0,1,16.069635759539903,1.3361421328575882
1,1,10.329127317614232,-0.5370551846802952
0,0,10.933874727869222,0.48291468805497684
1,0,10.193907385817594,0.09780486833098294
1,0,7.846665846482384,-0.5387865711706203
1,0,8.591178411747165,-0.42218431822117974
1,1,12.440225553304993,0.012399716598507457
1,1,12.528463515348951,0.5202876446459938
1,1,12.625162067157646,0.44353993639060213
0,0,8.14161122361979,-0.8953191514889983
1,1,12.968622341577008,0.3752406274963384
1,1,11.712029963830034,-0.11910516509037536
0,0,6.358819540773391,-1.7533813771920508
0,1,15.079764163525992,1.4497854113085284
1,1,13.779613879148728,0.3745947707680555
1,1,14.324326523756792,0.44426743780885997
1,1,14.055042222077635,0.7277292856292872
1,1,11.43305850275296,-0.18159164017086732
1,1,11.041918482821808,-0.8162340090727761
1,0,10.910964006010147,0.10218349406013646
0,0,8.623759779117185,-0.4511961385594895
0,0,11.034906516320017,0.7872089933133515
0,0,8.79189786108026,-0.6914721387915843
0,0,12.775914837138663,1.0310394957067732
0,0,7.046064196738415,-1.5218928055236114
1,1,12.23516278322844,0.5642487723793471
0,1,12.902126187128754,-0.03992138642005541
1,1,13.143700842573157,0.7585451405066448
0,0,11.884278086539382,0.8432007025565018
1,1,12.00731199391484,-0.068634761104787
1,0,12.1792406751697,0.6909312505732081
0,1,12.25626138782962,0.2829518886275756
0,0,13.25918867241593,2.059055340635088
0,0,9.046238250266708,-0.4108561649711176
0,0,9.820326339520781,-0.06247106432885865
1,1,13.491184826767645,0.6455080678794152
0,1,13.983854608963426,0.9024242713323974
1,0,8.47227554873181,-1.09774904981401
0,0,6.935485245518845,-1.475505232098084
1,1,14.617218225535954,1.2432177094119163
0,0,8.16540775892047,-0.46704667394615207
0,0,9.010947878917447,-0.6061934207359373
0,0,10.21353776864688,-0.13347365827142507
1,1,10.91413805499312,-0.8189067371956521
0,1,9.157653089542066,-0.9989680751216516
0,1,13.803601390279447,0.7031398661523048
0,0,9.89501848959117,-0.5049217991576165
1,1,12.456653843958353,0.040159877687907276
0,0,7.782442845877403,-1.3432851077390187
1,1,11.388408134226184,-0.4143799956125973
0,0,10.81870157519018,0.45886503998563155
1,0,7.408214864465192,-1.3213673614245574
0,0,8.881148039722264,-0.2854868388845499
1,1,12.668434835083088,-0.19413638876567504
0,0,10.550286631123543,0.6304143310064726
1,1,12.083855421988192,0.05839866682053986
1,1,10.771354612948999,-0.7172118492572509
1,1,14.535804556165296,1.059684558431465
0,0,10.346357625493281,-0.5161252158162851
1,0,6.246789805513913,-1.6227210281933273
1,1,12.560326207031952,0.004568150289961647
1,1,11.254459146203976,-0.3237083571198996
0,0,11.534311423032637,0.45360389397915485
0,0,9.790093653234011,-0.1939849308961746
1,0,10.133329783997564,0.373392619157857
0,0,6.939550210239471,-1.551589553083567
0,0,8.518147638426315,-0.3998470579123152
1,0,11.26035867676607,0.29254711723213894
1,0,8.395406300738578,-0.6887259252741567
0,0,10.589948149132097,0.9026371999285226
0,0,7.327010232714439,-1.5245445794096266
1,1,12.283039197859804,0.25460236645982093
0,0,9.043190235409389,-0.3618107315104064
1,0,9.28633749269979,-0.540108317420329
0,0,10.616786944965831,0.3386832901400047
1,1,11.88515810693126,-0.23108621416914016
0,0,9.255211008179854,-0.30765233039042456
1,1,15.346755056513297,1.3181439329014244
0,1,14.883131482369818,1.532622266959466
1,0,8.812937444417532,-0.8537157636325355
0,0,10.087609141700224,-0.1959779452802566
0,0,9.028983697600548,-1.010986389823725
0,0,7.69556193218958,-1.1373101243142165
1,1,12.91744086016096,0.5669424149905885
0,1,11.016913605906712,0.023264784010715137
0,1,12.99943658030087,0.6365063357388917
0,0,8.785202129252598,-0.8593843569123906
1,1,13.832501456776985,0.8084226824572499
1,1,12.513680432144453,0.04155688743512188
0,0,8.032303992263488,-1.004228977734169
1,0,8.618766805540462,-0.5534589122495515
1,1,15.772668493160335,1.8140262053952727
0,1,13.04028001535991,0.43348658608443225
0,1,13.767124377259842,1.0394009631239607
1,1,11.974991833679764,-0.08131944393368934
1,0,7.615881325228994,-1.2622568146948756
1,1,13.899706686961455,1.201166370548105
0,0,10.236641310971931,0.5635728233012868
1,1,12.50955957499531,0.532582711043703
0,1,13.150705975108766,0.21262625528012696
1,0,10.884527573161801,0.3870465282490718
0,0,12.1832395721374,0.5110244712728094
0,0,6.583460711696686,-1.7278116463071853
0,1,16.088962329346444,1.714827220569874
1,1,13.80202451581998,0.9386963554190342
0,0,7.600036549040393,-0.6527941902920904
1,1,12.881436809684338,0.07259621785683643
0,0,6.723993585981308,-1.556990353195225
0,0,9.96187004081344,0.03723355826058873
1,1,13.175454461413537,0.39641973389747565
1,1,13.48775721055622,1.1089632368219788
0,0,10.010110850052378,0.05020829370663899
0,0,9.969456401036325,-0.20044621095482412
1,0,9.020880455580084,-0.30391709902844255
1,1,12.149914099146507,0.037807722255632406
0,0,8.650655519059317,-0.28450203461183315
0,0,11.503650704676552,0.582123611193534
1,1,12.409480907277462,0.32822139955828644
0,0,10.21568228860659,0.23243444328101495
1,1,12.77956060631934,0.15421868300774288
1,1,15.89753993494707,1.9133281248583829
1,0,7.68250689890214,-1.0752735462964216
1,1,14.909025102815324,1.0085523609413758
1,0,7.191401117756894,-1.2721092978436788
0,1,18.86080702527278,3.215445516945814
1,0,8.854314158916203,-0.3959518499135782
1,1,12.303133967467256,0.004657710118611388
1,1,12.816700473281118,0.2631535747861298
1,0,10.960923903256305,0.562786352681928
0,0,7.879463371062716,-1.0078753926713606
1,1,15.43230726896956,1.6793764892125171
0,0,10.61915996542767,-0.11531178299426235
0,0,10.200988621028879,0.5011151047531182
0,1,16.407060483202525,1.9474028400599541
0,1,10.908239621786734,-0.751156342596045
1,1,15.484634956831874,1.3240616437938129
1,1,15.229175790592723,1.7745551250758405
0,0,10.910956673628885,0.6271481846627224
1,1,10.984465262535853,-0.43777746274152735
0,1,16.15789386532202,2.250133405729859
0,1,15.478355268542634,1.3668252036654351
0,0,9.179764577921183,-0.38869106588904206
0,0,10.595743177659577,0.08165290371021224
1,1,14.389211884655245,0.9959133782207982
1,1,13.596065692097826,0.7040104170333992
1,0,9.183112552140171,-0.5521778177829849
1,1,11.70458387712626,-0.17168488855298272
0,1,14.795537246207964,1.3108310123567486
1,1,13.25107709975976,0.754578475449888
1,1,7.952228035097901,-2.1408133760762764
1,1,16.88758367613694,2.664389293401925
0,0,10.797177365802959,0.3958189888583457
1,1,11.519815704063939,-0.2010224226750428
1,1,12.110467393803315,-0.020641159462983893
1,1,14.370784630576736,0.7798492863337545
0,0,8.450436719366953,-0.7353686097093604
1,0,10.49847709181748,0.04893935232718722
1,1,13.460144429348603,0.9595043960602562
1,1,13.906786945311552,1.0017543476561428
0,0,8.77243083115473,-0.5380580854240867
1,1,12.109011603822308,0.33758286441335034
1,1,13.57788934168066,0.9019316389444327
1,0,10.301029898899682,-0.07560406902513458
1,1,15.435157485389315,2.053021259047589
0,1,15.471027563475076,1.2803151301533149
0,0,7.923105287208794,-0.6509953973436182
0,0,10.08193990662058,-0.22668254938541996
1,0,8.270742902384974,-0.7672185970289622
0,0,11.298026562767122,0.33129427335727485
0,0,11.597844024926227,0.3073654008118945
1,1,12.541053339005277,0.17619592807483672
0,1,12.06337310344734,0.17748943840348833
0,0,11.209256616998617,0.34412897906762846
1,0,8.657793029752867,-1.0649993635912731
1,1,16.696177801833212,2.209679825769137
1,1,11.535686843142358,-0.4916164296878058
1,1,13.54648045262227,0.4403423440114717
0,0,7.3602884657224665,-1.197833532421475
0,0,12.09781691628978,0.8296967216706022
1,0,10.182883181952404,-0.33116438211786414
1,1,12.15348017842648,0.11298315447570184
0,1,14.077625600516178,0.8650478703852482
0,1,10.77354035053035,-0.07916383053033507
0,1,14.142938798827657,1.222159191183471
0,0,10.996165942631057,0.8758615819234394
1,0,12.474870807705898,0.8818524490930552
0,1,14.131798776185624,0.5473000515558876
0,1,14.70987833674859,1.4967137006827054
0,0,9.270445688259914,-0.3025653996336251
0,0,12.197138629347114,1.0163899437456387
1,1,9.145793155106368,-1.4067565038178151
1,1,14.979851951720523,1.5292094734212067
1,1,13.483852254173303,1.0303037557415502
1,0,7.671792388276134,-0.8714449733851162
1,1,12.471057128947722,0.34388198445384743
0,1,12.440590856587573,0.797095697250193
1,1,12.843096520213582,0.5113196145463874
1,1,11.51440642044143,-0.26716684371946725
1,0,10.356032690936434,-0.04202814712866744
0,1,13.02560948700079,0.8680859050461402
0,0,9.638355543218653,-0.17454952474643617
0,1,11.866209699239192,0.20592420802684638
0,1,13.104158488521902,0.7380293348798522
0,0,8.462794439541689,-0.6441020600264533
1,1,11.550027778719306,-0.3021730255771877
0,0,5.870966451309029,-2.1601466509533154
1,1,9.699952958721353,-0.8393751990943457
1,0,6.186696368604814,-2.121076578501334
1,1,12.893828441244006,0.46585643122343434
1,1,14.678015865983884,1.272008557469853
1,1,11.208508985725196,-0.6520436849496231
1,1,11.29122995099645,-0.49035467760559903
0,0,5.466496510855038,-2.1949551296881413
1,1,12.333629354175853,0.44609899068617115
1,0,9.362862695952074,-0.6237889366368542
0,0,8.273250364730183,-0.5750801831495037
0,0,10.230142700433838,0.09789501438739996
1,1,11.107201646443942,-0.5729746329848746
0,1,12.95450297974592,0.393794829384806
0,0,9.881235952729032,0.12620112185068177
0,0,10.246066434578337,-0.04202477113153755
0,0,10.931482135294027,0.8910030880446876
1,1,11.771189646707725,0.028870911294508184
1,0,6.821175373844913,-1.3588367522267504
0,1,14.400866092911116,1.1658530093953987
0,1,13.512419767141633,0.7064507414412649
1,1,13.343799716730407,0.3189868218921149
0,0,8.409918976535696,-0.9641462028058548
1,0,7.750661307164834,-0.7504082499443389
1,0,9.852339345383383,0.0723430930771468
0,1,13.679657187305962,0.5976179834063736
1,0,7.564657832724709,-1.45347497050366
1,1,16.51365613169961,2.209156241227325
1,0,9.178579917017313,-0.6195135687853892
0,0,11.749247364677892,0.5236754338642836
1,1,12.560652205859856,0.2323368355831042
0,1,14.154971762211705,1.6083931772523126
1,0,8.293588142787259,-0.6777051809960972
1,0,7.878980359297626,-0.8914827822406765
0,0,8.641093733886546,-0.5125503854373886
0,0,7.030085430812001,-1.4681467959909342
0,1,15.41997844009998,1.532914834498218
0,0,12.314039301489826,0.9588681676429006
0,0,10.610525473129345,-0.059593478921180824
0,0,8.451270055850191,-0.5538873897096284
1,1,13.405723035276985,1.3662867589651924
0,0,13.119862573196642,1.2031524402146285
1,0,8.020435974299032,-0.8090118912985598
1,1,13.050485575073136,0.6810499906656038
1,1,12.141089231385479,0.1704367140638248
1,0,8.410971548961395,-0.9159194674667898
0,0,9.874697735419364,0.019775349156905413
1,1,12.651718540694612,0.12771968657372568
0,1,14.06098356562439,1.0218860544152812
0,1,13.030309391079145,0.48958840683719335
0,0,8.060080916027184,-1.4121177005352024
0,0,9.412479388917303,-0.6674320844525365
0,0,11.311320310735697,0.2035618349796547
1,0,6.654335881441215,-1.3412630617406913
1,1,14.075109660478416,1.0793818370919932
1,0,9.011435357223748,-0.7749993459405913
1,1,10.034333491916353,-0.830712888272181
1,1,11.270736308881142,-0.30483463764077534
1,0,8.123594369124788,-1.0150086552464852
0,0,8.469081656729035,-0.8814264945971203
1,1,16.376230789664177,1.9146103418678115
1,0,10.561258712378974,0.41534628526914597
1,1,13.055234404438181,0.7321645673023615
1,0,8.810996954333094,-0.6320008131899917
0,0,8.914849629888705,-0.6768064276586502
0,0,6.876528795047154,-1.2626049766902114
0,0,9.397571733083428,-0.363617571928761
1,1,13.148891955706828,0.7330703074123412
0,1,14.627726953111033,1.3488586342418334
1,1,9.452640727842654,-1.524194413280816
1,0,5.052681025941624,-2.2309271249208424
0,0,11.300343937601392,0.886176938123234
0,0,7.943380643568315,-0.6706674086924871
1,1,13.166742338967877,0.40585239195031314
0,0,11.506947912031347,0.6746175558675643
1,1,15.039195460957956,1.155513096846035
0,0,9.443292723783788,-0.2223948030120566
1,1,12.415463307972917,0.15179917861154105
0,0,8.97419380129911,-0.9484475308257343
0,0,8.275866733616796,-0.8993781328972208
1,1,11.967258853398038,-0.24721092826751465
1,0,7.259565724613495,-1.5632444681655489
1,1,8.051633332211287,-1.867990664835386
0,0,9.133992988824593,-0.38371499033660167
0,0,11.955606562356609,0.9577519342496091
1,1,11.963053655092192,0.4890543048685138
0,1,15.085941305775487,1.6210203551878883
1,0,9.402711242996416,-0.45397682184346916
1,1,12.688261722043316,0.18415032021530398
0,0,11.509507416354062,0.9609468016951498
0,1,14.024692729481137,1.0310803835177755
1,1,10.735073775637057,-0.7630212016964822
1,0,9.323510821777804,0.04846823152126966
0,0,9.925421910457652,0.08079143319534887
0,0,9.05502726736407,-0.7059384498530032
1,1,11.832692864315735,-0.20921769553988617
1,0,8.71076455854058,-0.5349108009446006
0,0,7.956659176384927,-0.9083060057653216
0,0,9.932018420853348,0.06610261049933833
0,0,8.79365840158054,-0.3870692004775963
1,1,13.859171029139613,0.8356196702497061
1,1,12.407596070195734,0.3649847444564993
1,0,10.755331871622303,0.25378148324079175
1,1,13.162668648535753,0.21164540168706686
0,0,8.089664599763573,-0.6932745327785236
0,0,10.842344683699439,0.5267012951265145
1,1,16.263751356206985,2.104139776585412
0,0,8.80932973915071,-0.9755679664645039
0,0,10.496675332740743,0.09722998837399713
0,0,12.927613253668802,1.451281453388203
0,0,12.70363594731327,1.553142036611871
0,0,11.506903654288395,0.6934016963791129
1,1,15.783688876910581,2.0619917655741586
1,1,10.90240421889675,-0.21048825225048748
1,0,9.013571755066634,-0.712340667290068
1,1,14.26868434579236,1.0966551334341161
0,0,9.84781447501032,0.5337248458679615
1,0,9.530737099218026,0.11257401754525889
1,0,6.415655655827347,-1.269956657122821
1,1,12.633031396332594,0.5649233678497246
1,0,11.735104467836933,1.0941039506236216
0,0,6.944714915503131,-1.6135070899709614
0,0,11.963623074386078,0.7263729609096736
1,1,11.624305805460713,-0.12234662448158108
0,0,11.80427784513019,0.8592057248172288
1,1,13.153214372096093,0.8032430176123565
1,1,10.58692543430227,-0.9794345028868546
0,1,13.94627384552622,1.1660860914395579
0,0,8.99671646017799,-0.6167106426065743
1,1,12.275498916448065,0.5327405582547184
1,1,11.730772323921709,-0.0864369719407439
1,1,13.015226081573218,0.580999217020503
0,1,10.838419284740084,-0.16459328184482716
0,0,7.76928578501951,-1.2170008698332266
1,0,7.453360346914492,-0.7425483370007412
1,1,12.947588619330325,1.003128367915197
0,0,7.952097891449785,-1.1532517015987436
0,1,9.61849741224557,-1.5827681902797908
1,1,10.757550204398669,-0.6409341612305505
1,0,9.317658065611697,-0.19826749139164987
0,1,16.73257303351036,2.080492780270604
1,0,7.018979488979929,-1.278251168370716
1,0,8.513294646424539,-0.8188095974109083
1,1,12.359297983969784,0.4905168106898531
0,1,12.921505227179363,0.7009283781421735
0,0,8.905859519913566,-0.8077140703929646
1,0,9.800909314301396,0.30747120860110566
1,0,11.811481905566216,0.5457326040879878
0,0,8.277817273479837,-0.5456848736364003
1,0,8.25561045040404,-0.7175240563107456
0,1,13.669913389509372,0.5220256199072805
1,0,8.89753583127461,-0.7315081724207312
1,0,7.531627725496267,-1.1381705704966953
0,0,8.609072894527118,-0.8024724027685585
1,0,9.34696728225847,-0.3630181960426224
0,0,10.292065903530995,0.4202165544957246
0,0,10.327492154005716,0.07551444584044852
0,1,12.687669435465672,0.33318934720035875
1,1,16.300919990179906,2.0452894625958753
1,1,15.787062513088678,1.842425941056234
1,1,12.705078162664854,-0.08644872727094186
0,0,9.538752721790054,0.13076708798467404
0,1,14.62214125546671,1.1356665605781562
1,1,9.558586337878193,-1.1554099977289038
0,0,10.325105038234776,0.42281617683706524
1,1,16.323720879435488,1.8865608714080235
0,0,10.632717230900946,0.19879402847172062
0,0,7.605932412078542,-1.237175941376186
0,0,6.629773098956156,-1.6992391588358249
1,0,8.35732213932582,-1.105937158752549
0,1,12.23108202237987,0.016459301653513683
0,0,8.282642003883286,-0.7667738061037435
0,0,8.792014473553476,-0.6209490954458794
1,1,10.586551550884147,-0.8247345211691217
1,0,8.059004307005836,-0.5935747475498033
1,1,12.90720709048781,0.5275600802804253
1,1,8.518307729985063,-1.3958993355636218
1,0,8.113560246080816,-1.1704611828930185
1,1,10.147065938971677,-0.5803194248296604
1,1,12.758343479123644,0.10843295529565775
0,1,13.725189448346645,0.7022651709600596
1,0,8.648677427158782,-0.822255050539067
0,0,8.610754463349782,-0.9827831512040097
0,0,9.256833455464033,0.14654227044507384
1,1,11.878009359544535,0.14688306800432718
1,1,10.57961776729256,-0.292895852517957
1,1,13.441176568923396,0.2753431882947989
1,1,13.427418433422266,0.6302200127762475
0,1,11.630502872686728,-0.13948494883106316
0,0,8.78298520303567,-0.4550084456025211
1,1,10.120159659064493,-0.6238030479734952
1,1,11.9544165586472,0.2459589340452759
0,0,8.851162249999634,-0.49679994530726873
1,1,14.630758227291428,0.7923038336614001
1,0,9.910521136255264,-0.1009541108073787
1,0,9.466538251295043,-0.4493072475236759
0,0,7.675990860951353,-1.101497111194789
1,0,7.829726473867414,-1.0928600923135503
1,1,12.650600710048879,-0.11649940554899832
1,1,12.401132835624836,-0.022523357174496286
1,0,11.101882447267672,0.3416784147009567
0,1,11.660557361116046,-0.28230809303926174
0,0,10.691448776494836,0.6344792076113424
0,0,7.979407191224354,-1.3962232229943583
0,1,12.606279567565645,0.07419758119911952
1,1,14.913682949651355,1.4446547288602267
1,1,15.790196172834296,1.2653995663969826
1,1,15.955083050437892,1.8544983057494646
1,1,14.765949488011472,1.5488120643140613
1,1,12.99395694677134,0.8942669841637486
0,0,8.649877280370202,-0.0683887434276874
0,0,10.846745155843104,0.439107427310363
0,1,12.114050352572665,-0.19280355334434035
0,1,14.3288314087846,1.2552796360989058
1,1,13.18240300855583,0.10302304718046083
0,0,7.346768135870549,-1.2111942011936465
1,1,13.945069157341731,0.7005960201240087
0,1,12.892821756652733,0.690286730482624
0,1,11.53614295692423,-0.24920319055570056
0,0,9.08532224539894,-0.5417858007270555
0,0,10.85115345059177,0.7645067253120987
0,1,16.038324786451945,2.032126743596909
0,0,4.601889712219362,-2.3220594409265685
0,1,13.680929473879022,0.7843818216497065
0,0,10.467340429810344,0.11302419891534163
1,0,9.305714660761714,0.15701248729261766
0,1,11.530580354238484,-0.2408472486202615
1,0,8.348513223432462,-0.45541361825919535
0,1,15.053841916675252,1.1531103619495298
1,1,13.218256957309753,0.5379420550737778
1,1,12.821527457484322,0.7977664800081535
1,0,9.303354658838627,-0.04344180678129183
1,1,14.40480595533904,1.09134763894676
1,0,7.2465741602348634,-1.5799780814203017
1,1,15.234463038466785,1.223189705686019
1,1,9.57629483886062,-1.464619255351774
0,1,13.409358663614928,0.6545197902296009
0,1,12.21880884696026,-0.10628867210382274
0,0,11.361724101012095,0.5144010425261084
0,1,14.767572952167065,1.203765972141954
1,1,12.079966922336917,-0.3983622190928227
1,0,7.848873917929593,-1.1389573453360573
0,0,8.728469403895808,-0.537373021110911
1,1,11.193063195324564,-0.2121901549699728
0,0,9.32863008412538,-0.4076496647275204
0,0,8.252002925028407,-1.0892621388126495
0,0,9.89235196424923,-0.011703953010596924
0,0,9.899258710553195,0.13960567774414925
1,0,8.550616882571175,-0.8522468748380335
0,1,14.284598964881036,0.9955759708062962
0,0,11.591641153763943,0.9614163005627113
0,0,11.158911964401216,0.05741453786311478
1,0,9.278513539212447,-0.5098205828775598
0,0,11.59469591705782,0.47358204329628134
1,1,13.118840970457585,0.2995789339848889
1,0,7.322615937653718,-0.9609541020867056
0,0,8.39280583539447,-0.9530568738869676
1,1,10.866949895249798,-0.4216858136614669
0,0,10.739535736483315,0.2545713769478226
1,1,9.68729090424188,-0.9534382563207172
1,1,13.75996253058213,0.5552229078612272
0,0,11.446096846734784,0.7652587071123108
1,1,11.916608478776086,0.024501907628480507
1,1,11.960566353762975,-0.20085561966204
1,1,14.94427154178568,0.9974972413043777
0,0,11.483732480618775,0.6941784997331202
1,1,9.206726399691654,-1.1742324464119878
0,1,12.22825217736441,0.08184206529176752
0,0,9.653902295365999,-0.18046821864017668
0,0,11.341382693895767,0.5846391861166573
0,1,13.532275722145972,0.804427253268125
1,0,6.818380833004484,-1.5890760968619488
1,1,16.506487475098435,2.058664646396728
1,0,5.940405699824559,-2.401225347510119
1,1,10.336995131095376,-0.7653152597556899
0,1,16.77203811490171,2.235381481196616
0,1,12.74641514280939,0.37028842600171274
1,1,16.318587240212302,1.556445853559797
0,0,8.889411546565178,-0.5495625903301845
0,0,7.464551840976557,-0.651496966981406
0,0,10.750961752189944,0.39279658714684074
1,0,6.81831973770397,-1.5292834242333568
1,1,9.875493874234953,-0.6082958251082473
0,1,12.595252682583896,0.4559195928486249
0,0,9.166876042843077,-0.5869753339238842
0,0,12.066241194017739,0.6286835417906108
0,0,7.8442109022555,-0.7509504103089798
0,0,11.09314068881567,0.6808551217982102
1,1,14.606507057232793,1.1430414293529843
1,0,7.3668182865723315,-1.4251302537324069
0,1,10.949180530995834,-0.26337542408476006
1,1,9.735886596178613,-0.918351701045966
0,1,11.789519801563822,-0.0100570436725098
0,0,7.627438343435739,-1.279626905082436
1,1,14.312000231707707,0.679645006346313
0,0,9.723140902169984,-0.026952819386225742
1,0,8.944564371628179,-0.5301287941530929
1,1,11.117418455917663,-0.24951748250591368
0,0,10.70091799395591,0.1637167301071469
0,0,5.483869350473951,-2.3890307962189583
1,0,8.255835303334992,-0.7850764858325453
0,0,7.016943422092979,-1.4688088997419344
0,1,12.01114709725816,-0.2502785557871367
0,0,9.73988139479076,0.050256688278292966
1,1,15.653591326436786,1.5317633225364196
0,1,11.398011741936791,-0.25733025661726033
1,0,6.774564434685018,-1.5604110825748343
0,1,13.618341391348878,0.9732302997655857
0,0,8.536908959599339,-0.54523252726639
1,0,10.184989476188665,0.09727741989272885
0,1,14.833774894111773,1.3560604968737544
0,0,8.755543510358596,-0.9787632206056921
1,1,9.453505438452808,-1.2531347244489368
1,0,10.351077780084616,0.25044584618837507
1,1,13.31194844223228,0.39072098169218145
0,0,8.623107359161171,-0.7139176795739764
1,0,6.917506462809044,-1.6816904581672052
1,1,10.468336530192738,-0.7833359699001221
1,1,14.769497682139704,1.445837336087044
1,0,9.23743003053499,-0.6726058072277329
1,0,9.265183132933261,-0.4273973652291027
0,0,7.673923025977903,-1.1068435245112274
1,1,12.848387009529871,0.7527281323341022
1,0,8.30399039131119,-1.1805984179721338
1,0,8.362126929107491,-0.9422742386750894
0,1,14.080023439095786,1.0027597093380076
1,1,8.04027425514931,-1.8260415497079765
1,1,12.147175567494882,0.11982117320353014
1,1,13.99799982676646,0.38722168007200103
0,0,12.883837549542072,1.3023127603511302
1,1,11.094848712991519,-0.7084428534876124
0,0,8.547388007955018,-0.8583566027103526
1,1,11.405928680906053,-0.2862890484391734
0,1,13.309930206978589,1.2295210799551581
0,0,11.948498608718783,0.8984571771605241
1,0,8.398757274513034,-0.7933638408771811
0,0,9.462807888635027,-0.22501113841295686
1,0,8.693948463926425,-1.1661420632238173
1,0,6.238381571375481,-1.6476576787591524
1,1,16.309587690270256,2.119541201632173
0,0,8.954069803291404,-0.7305351389246048
0,1,13.099505424716837,0.3214403676719232
1,1,12.130493173258666,0.20498159104012975
0,0,12.392782296115685,1.1471997462662116
1,1,12.753346702711678,0.5755758088307172
0,0,14.15927444474781,1.7047015975495856
1,0,7.936957177519052,-1.2330318567693037
1,0,7.28779958768981,-1.0845687649874005
0,0,7.710347134444895,-1.6452328579716622
1,1,10.1369436671884,-1.1064373249025437
1,1,9.160777899985808,-0.8534844024670811
0,0,6.017606456080996,-2.1318983151593742
0,0,5.928453788017947,-1.9017838500831206
1,1,12.646879260770362,0.10254182040514243
1,0,8.295617452605848,-0.41805540324441187
0,1,13.936844351790308,0.8185958048256678
0,0,5.804678309676438,-1.8064460508639526
0,1,12.23782929609133,-0.033342102106159274
0,0,7.799762133219994,-1.2458999940398665
1,1,13.014935992715067,0.18418936082056042
1,0,5.293358892554282,-2.3952692304155723
0,1,15.629092696734851,1.5123004186363092
1,1,12.20037628606459,-0.40977836891837627
1,1,16.00246300693743,1.918368252748233
1,1,13.305201770381078,0.4648157140757172
1,1,14.109583491308651,1.0859723783579143
0,0,12.164347735677948,1.010542703410279
0,0,10.906909712909856,0.31426694708331526
0,0,9.44666692524424,0.015667202055203597
0,0,8.485710773853054,-0.6719509142227854
1,1,13.760026084222753,0.7493651433790571
1,1,9.077606741537053,-1.427139012757083
0,0,7.930799127524499,-1.1944088224796632
1,1,12.746514944972517,0.16119342621593075
1,1,10.614085315051936,-0.4119331036309165
0,0,8.722024156843698,-0.6287236107222697
1,0,9.558152792314331,-0.38606349445362464
1,0,11.765404647312515,0.48828180138121924
1,0,7.9008627903773885,-1.0568625365323632
1,1,13.949173544383541,0.9830583870919245
0,0,9.397836877453551,-0.5385153126963218
0,0,9.43291661385754,0.14166238949508633
1,1,13.81558156967138,0.9781733145437728
1,1,10.462647304685929,-0.47071592904030624
0,1,13.8671525245388,0.7489385791170501
0,0,10.872106201713871,0.2439003634956878
0,0,8.875082768124823,-0.6903367200851634
0,0,11.574352782295254,0.4823331243217359
1,1,13.32488171089862,0.7034711295451217
1,0,10.269391265821715,0.5328433533653942
1,1,16.63390841426921,2.1925534473404933
1,1,14.84046395335332,1.3946988715240733
0,0,10.921424704603245,0.26877794657006143
0,0,9.001187975513089,-0.851617601178957
0,0,7.802782256383556,-0.994436931274485
0,0,9.216342765423628,-0.3820264277587708
0,1,9.462953777840186,-1.321855383446061
1,1,10.859057977926039,-0.9146787466639156
1,0,8.832177013160194,-0.5549223823720804
0,0,8.691690553877313,-0.7407316740456098
0,1,12.358514100738844,0.34993465505443205
0,0,8.72463160566554,-0.33459443271182915
1,0,9.452484717908545,-0.6290224619437441
0,0,12.771989723583456,1.2610215941335743
1,1,13.153377805326127,1.0924423271055321
0,0,8.180454381916492,-1.206415826727677
1,1,11.44805626359544,-0.17140077412945018
1,0,7.5687703104585,-1.091866660019367
0,0,5.614116076357806,-2.098682948320591
0,0,9.683071533797522,0.05696245871393634
0,0,9.053351413494678,-0.51330200492363
1,1,13.186961853747144,1.2387993940155475
1,0,9.919258540412892,-0.257017778785431
1,1,12.799574114645832,0.33909758633455844
1,1,12.107590109379746,-0.01051324003162453
0,0,8.779689883542463,-0.4624980608888256
0,0,9.649557179997878,-0.18284930604858493
1,1,10.948434570035051,-0.37265720209949016
0,0,9.514309061467497,-0.4249404665243876
0,0,10.444540636892457,0.02929334074676153
0,0,10.45969875859825,0.13013792047340794
1,0,8.994008629045574,-0.3644457184131645
0,0,7.246352964302957,-1.4389821254730155
1,0,9.70776277837093,-0.06922298558588841
0,0,9.38514202226554,-0.4919338324946469
1,0,9.472897240028768,-0.22854407023471937
0,1,15.28198136898523,1.7278610746170224
1,1,11.846012687726063,-0.38277383320735475
0,0,8.520447525671575,-0.6284691450278789
0,1,13.281452815291697,0.6293315934075692
0,0,12.290896827909995,0.8304920342965669
0,0,9.503473928803825,0.29029302439982985
0,1,11.74059089955294,0.11511257231240983
1,1,14.020678591314368,0.9879277526038327
0,0,10.11953296139253,-0.108371524741495
0,1,11.010554984557524,-0.3876741544652084
1,1,14.75299449832654,1.1921196331951365
1,0,6.822655050328303,-1.7995841807297823
1,1,10.665509474904857,-0.7898801860285447
1,1,10.946046230689234,-0.17030037821843988
1,1,10.474098948983356,-0.5891747868214655
1,0,6.4424787385375275,-1.5710915206923068
1,1,9.996028014983697,-0.622251682956855
1,1,12.289681340489853,0.6603971809720515
0,0,7.943745178954332,-1.7600943960351711
0,0,2.585188210633013,-3.775324867101762
1,1,11.696071866910815,-0.08113143470160834
0,0,9.707074845162785,-0.3084197282288981
0,0,7.530367632606854,-1.1211822712392017
1,0,6.648844563887101,-1.8685400404073484
0,0,8.541336023628698,-0.6742435643184235
0,0,8.65742469007308,-0.8195489995715178
0,1,13.971521882303394,0.9396016577257643
0,1,9.88665326191171,-0.7693478016143088
1,0,9.178936188592099,-0.4988687240045005
1,0,9.627452146073777,-0.32179211290964344
0,1,12.2288044276811,0.024265697260922526
1,0,10.696334244896105,-0.06395252967762624
0,1,13.10428362536685,0.17348286451700967
1,0,10.06880124722936,-0.1361255140874988
0,1,13.074163112372144,0.5254628652739746
1,1,13.51195165844699,0.6864774101104891
0,0,10.130087285585342,0.1038210621817968
1,1,9.390045047753597,-0.9831210267956748
0,1,12.01780076823452,-0.05877254890309491
0,1,10.36992808850097,-0.7593874333217969
1,1,16.301148646179332,1.9054362206306106
0,0,6.456825518416386,-1.7052630194363507
1,1,14.98144267045707,1.1764315990378114
0,1,12.850160717041218,0.8306680307334211
0,0,9.046348142705023,-0.31969025041895655
0,1,14.918769668131869,1.2285339893722735
1,1,15.132884033056227,1.5272277782752022
1,0,10.666976896786947,0.1306456477165399
0,1,17.09882504269487,2.241651604716419
1,1,14.118724519355471,0.8020542465188615
0,0,6.34177405655913,-1.9692968094475256
1,1,9.461821373210775,-1.3127874426374488
1,0,10.40069682513379,0.3386197687713905
0,0,9.10605728847296,-0.30461149006527183
0,1,12.85449455196607,0.4510705895349395
0,0,9.739461558073424,-0.3722963285136752
0,0,9.047568046672946,-0.8178914567678621
1,0,11.575355929312792,0.5846852355150906
0,1,13.679993326963581,0.5561978730480227
0,0,11.005449537476418,0.3186892770105927
0,0,9.632403265721328,-0.23521549051052046
1,1,15.463806104582604,1.2106771706852695
0,0,10.011286453035028,0.22882335226326195
0,0,10.977371097870522,0.15272405713147646
1,1,18.76748094263205,3.333516482543662
1,0,4.893062288182827,-2.583045901796341
0,0,6.800320586662481,-1.499347893756553
0,0,4.686669506111793,-2.593363374901677
0,0,10.474714499768393,0.02236912558933295
1,0,6.096707722722319,-2.178155280744147
0,1,10.527578766399571,-0.27413781606350723
0,1,14.907320993751826,1.4994225027126697
0,0,11.809124287385059,1.0673886862492739
1,1,10.072504448482212,-0.6223328795325136
1,0,8.944518669531588,-0.7284384745251848
1,0,9.560701127929853,-0.0965193124289151
0,0,11.838695760631625,0.9311432479980029
1,0,10.290719827855177,0.15213788114815438
1,0,11.82230566042485,0.7091559293038014
0,1,15.116587048458273,1.1427409605869423
1,0,7.9000768402689845,-0.9185682783037828
1,0,11.78016253287894,0.6670842531601054
1,1,14.479061626406168,0.8301183375336073
1,0,9.112980480112665,-0.3760099078311717
1,0,12.713191699754855,1.341818487686884
0,1,12.410175813227346,-0.0028950471507432534
0,1,12.821150338645303,0.41433071504156704
0,1,11.514654212143215,0.018658801354221807
0,0,11.456774319102266,0.5647023138785765
0,0,8.884119153179647,-0.6348817086962008
0,0,7.249170071242061,-1.128246525204145
1,1,11.573522974783062,-0.21213797948615998
0,1,10.285300726018136,-0.6993118373675092
0,0,8.158634041638303,-0.5873671234070178
1,1,11.98589775365684,0.28558609222681897
0,1,13.202793115466793,0.9051096402598842
0,1,12.641664816184251,0.3388601667142495
0,0,7.963951725221693,-1.257356225847398
0,1,12.315571783410409,0.01998537307429028
1,1,14.619834158043142,1.0365391719552226
0,0,9.961276181216455,0.3024999295514803
0,0,9.527147643187266,-0.022029151202753755
0,0,9.06162243367951,-0.3084526319247159
1,0,12.572446959127888,0.9815310952760938
1,0,9.237165075317384,-0.5386279435796063
1,1,10.226616112026097,-0.51058209276831
1,0,10.383355787874248,0.4976956431951158
1,1,13.730403160767407,1.293936090049786
1,0,7.876446451247826,-1.3725151699439366
0,0,11.152563621939708,0.3497778541561875
1,1,14.05425764577712,1.1500487006342897
1,1,9.78137223460418,-0.9569468430080382
0,0,8.481740727845711,-0.6421398838344179
0,0,10.763811491911559,0.34453953283546246
0,0,9.82330202095784,-0.3324086791694579
0,0,7.196751753364328,-1.2996770401941573
1,0,7.512940909992124,-1.3937448452756709
1,0,8.954963618501266,-0.5766148405820943
1,1,12.268708840962619,-0.17887744147407983
1,1,11.75303999636288,0.05782867306030105
0,0,8.913003066646741,-0.6705275883467675
0,0,7.146411965292618,-1.5212515619550488
0,0,7.469187982336621,-0.97854864075252
0,1,12.473626001637934,0.621053284964618
0,0,9.802497946294336,-0.1442579457721592
1,0,6.919346436347514,-1.4274341840311089
0,0,10.789652247810812,0.27320779460719163
0,0,8.50477527531182,-0.8481434679465019
0,0,11.047458770406589,0.19999028945949965
0,0,9.363058231491314,-0.3115034565078297
1,1,10.102553284238969,-0.8051708156701437
1,1,14.575647415209664,0.91134081253086
1,0,11.51891693508686,0.3756965096788681
0,0,12.98185701890269,1.5241081210895042
1,1,10.764223740418531,-0.4383809631394952
0,0,9.235977663938474,-0.5806273175201692
0,1,14.130129470116414,0.8575084563862071
0,0,9.315178667577426,0.12804759154633583
0,0,9.619317624803566,-0.21207683977187358
1,0,10.036349409265366,0.4966872243408307
0,0,7.544160805932288,-1.0610383064943179
0,1,13.245923861449334,0.8769188920464419
1,1,16.083177886599103,1.994220697181152
0,0,7.55587141598426,-0.6290114630059999
0,0,7.35359229564632,-1.4524092855435295
1,0,7.446932215483012,-1.298748255005364
0,1,13.069638947203607,0.6113728935875815
1,0,8.243829771514907,-1.101778304805272
0,0,13.593821082208526,1.3281510598126958
0,0,8.65843128359088,-0.21658605542976556
0,1,14.830560391125491,1.1362220295821746
1,0,9.281846198341732,-0.727965594468278
1,0,9.81247274467918,0.09048150207599627
0,1,13.826875781928754,0.9179034623418456
0,0,10.065440544915848,0.25260914805185747
1,1,13.63989147574658,0.7580905560867982
1,0,8.97092757510009,-0.6180154052986577
1,1,14.48722242414232,1.732590864934233
0,0,6.762830616815566,-1.6099394444916968
0,1,15.032926572355715,1.357234722770972
1,0,8.001197080236214,-0.5926174742700078
1,1,14.266298154334745,1.2455104011598703
1,1,16.144789727768853,2.0055277561599096
0,0,8.926602194677084,-0.6746675789568216
0,0,10.098716080494347,-0.4795493956625311
0,0,9.774180105715491,-0.11219498138887259
1,0,7.348348747234014,-1.5234280337500985
1,0,6.935051026930528,-1.5625387167673066
1,0,11.781883724437263,0.9112184465386524
0,0,8.822206581155987,-0.9652418711608988
0,0,9.284302598206889,0.07027113553917755
1,1,12.70820821557356,0.4120928133944345
1,1,10.602640410981396,-0.5752465690544286
0,1,11.198169695279857,-0.19911935337426623
1,1,11.628937417624252,-0.30355316457997605
0,0,9.261009930497178,-0.45618597549971224
0,0,9.189753539257286,-0.7008275023674303
1,1,13.168718302015538,0.24188221830169845
0,1,12.364367940956692,0.5131653613659007
1,1,13.164819208279521,0.507267849959484
0,0,8.489609849895071,-0.7467024940164196
0,0,8.186091391090237,-1.070742927396634
1,1,10.265002925753587,-0.8748733070246253
0,0,10.353920832504249,0.21547776495517493
0,0,9.537672085936872,-0.22394061584426464
1,1,11.656051027310344,-0.5314889860888882
0,1,12.210168149191663,-0.052239396090989196
1,0,11.088099584969584,0.48555594252582607
1,1,13.176537191114752,0.036961914914836885
1,1,10.511957741943023,-0.6390541602161267
1,0,9.351223400048902,-0.520715337614304
0,0,10.19999849901714,0.115972635837358
1,1,14.02551064136404,1.210381660878856
1,1,10.638321128904984,0.09226542321045639
0,0,7.943969786005872,-1.0666864221874905
1,0,6.914916567479287,-1.5882716277982036
1,1,10.639260101517987,-0.617062465670391
1,1,13.34417650329226,0.7367085050531292
0,0,4.488741297421337,-2.4514446756208716
1,1,13.985846148360002,1.0508755396335971
1,0,10.045467652651347,0.15598379367223456
0,1,14.112390807904916,0.8386927250606528
1,0,8.2867234717809,-0.6291567035122225
1,0,9.049273981130503,-0.3659646957376397
0,0,10.499728711496877,0.007424237070658049
1,1,9.17618140133561,-1.2318736794421088
1,1,13.458969942730656,0.9388643481005864
1,0,8.478513148727679,-0.4829278025288146
1,1,14.542793999328467,1.327347989364573
0,1,14.611752289979306,1.4217288488764874
0,0,7.559100801199878,-1.163064931869566
0,0,9.404011791089806,-0.4599600197958636
1,0,9.4486396061986,-0.48520885890357096
0,1,11.780734258021605,0.12227536494573692
0,0,7.591419787876899,-1.0131447085124046
0,1,10.20007625468104,-0.7794198808210896
1,0,9.451331675321812,-0.273015781142477
0,0,8.01158089304467,-1.172332285875648
0,0,10.143075964010729,-0.45704031295786474
1,1,12.999573307057547,0.9453714285970696
0,0,9.304187770999466,-0.5377515905155081
1,1,10.327395376955428,-1.1000462241619426
1,1,14.689606964810794,1.5050369384611662
0,0,10.204314852025032,-0.24654907710629467
1,1,12.024181213346646,-0.0444628226064086
0,1,13.299093848284564,0.41127059889905826
1,0,9.580002546625675,-0.03565599553841217
1,0,6.897459981158256,-1.2988738308008807
0,0,7.043698915086676,-1.396012694906769
0,0,11.306369687493783,0.468593285959457
0,1,14.983068909471038,1.7324208794686762
0,0,6.851183718477376,-1.3590567099770248
0,1,15.745674928091503,1.7167642078778476
1,1,10.865844595168943,-0.590571313253526
0,0,11.840658747893944,1.0066631889029156
0,0,10.076750004276647,-0.5268277130542387
0,0,10.24613458936769,-0.2944136767371219
1,1,8.572384387640593,-1.276932365182695
1,1,10.363807079738805,-0.6381231070032796
1,1,13.536489405908284,0.7774894777592869
0,1,12.547959407766818,0.7070055209923037
1,0,9.87816513852853,-0.28023338482540777
0,0,8.5141177000238,-0.7353417266861665
0,0,7.034631322412541,-1.2753354518005728
1,1,12.555109851144772,0.5203880085948561
0,1,13.190027705804875,0.4163451191839485
1,1,11.720260303163492,0.4936999760769127
0,0,9.430551088874147,-0.33905594075377593
1,1,14.698279520764444,1.2532224211096004
0,0,6.907637065437376,-1.0381835466404123
1,1,9.682830648129453,-0.9682471995434995
1,0,6.578368214623966,-1.680494768399343
0,0,10.153288437486887,-0.09393321771907971
1,1,12.300127834324101,0.04544297744780517
1,0,8.034521191697754,-0.5176746318176703
0,1,11.467824392551446,-0.05839630024442759
0,1,15.305177629468506,1.5046751867507886
0,1,15.317317209832773,1.4597619559422037
1,1,13.059473019917165,0.6141587495814768
1,1,8.043841263675972,-1.595461077623781
0,0,9.668412529087774,-0.41034214244865774
0,0,8.654304337282488,-0.5774973316254166
0,0,10.292326765180903,0.1499595853925894
0,0,10.95207980716402,0.2100471568993946
0,0,9.558703411469814,-0.2408136520491739
0,0,8.955810862851816,-0.5711648928323723
0,0,6.50848083364963,-1.7543956756692085
0,1,10.33876739668576,-0.5310476984057436
1,0,10.26903058447089,0.49675256429113646
0,1,11.729873010659768,-0.10536717358172445
1,1,14.346460373247085,1.2073016246220887
0,0,9.56254239502849,-0.21194656339390602
0,0,9.294465168652577,-0.6450723247674598
1,0,8.401630011902778,-0.6533653780004532
0,0,7.359808439120241,-1.4489033232233337
0,0,10.80485038667092,0.5223433911805054
1,0,7.587835166160712,-1.3663770390489356
0,1,15.274807308592502,1.6450442224138808
0,0,8.747349032746296,-0.7653763320846168
1,1,10.94261222568237,-0.5506140036585335
1,1,10.440539775330677,-0.5559808174295793
0,0,10.592567801404584,0.45908967814227053
1,1,13.281560399751474,0.9047371894107885
1,1,13.222601782786427,0.6590915990411443
0,1,15.274625118058596,1.7304699117156084
1,1,11.174385591398334,-0.8378233390553784
1,1,14.691824950384639,0.9417074501548832
0,1,14.475711425181807,1.226197704305617
0,0,8.880571321488496,-0.4413526176671769
1,1,12.54436940645101,0.4061795213389022
1,1,12.617579279931816,0.7492941106765012
1,0,5.4802199692549545,-2.392172012460599
0,0,9.839631168264159,-0.14762511914010293
1,1,12.250417443721572,0.08023566767090748
1,0,7.582707822869356,-0.5953313883075525
1,1,9.579308019815308,-1.3211562797073657
0,0,7.908024377300909,-1.0287932952309742
1,1,12.482456332912113,0.3364811209307878
1,0,10.171006398594246,0.15921167917075363
0,1,13.369383429938217,0.4849130961890096
0,1,11.191457423238422,-0.20228466320063346
1,1,12.098449903578747,-0.21818194093439353
1,1,12.151944424595332,-0.05914634607644778
1,1,13.806416004829355,0.9304885167133551
1,1,12.362562625147484,0.08564069518152352
1,1,15.262094115609234,1.2710382201399442
0,0,6.792782080102841,-1.9521093604184925
1,1,10.652616740337416,-0.25559676032445383
1,1,17.144598173971566,2.590585227955378
0,1,10.25147837235971,-0.7414425892718837
1,0,7.33009440254624,-1.4822596532110714
0,0,8.111778254086435,-0.7641982235757374
0,1,10.788261001348031,-0.5693943306041165
0,1,11.870842180212946,0.14643861423945193
0,1,13.802761420551532,0.46236524911002774
1,0,6.908989413344634,-1.482087064399361
0,0,8.630143405944555,-0.8027011595899038
0,0,12.098620385353597,0.9617008502765716
0,0,8.444745276313197,-0.475104038028219
1,0,6.299701446833146,-1.9333348854704486
0,1,13.763403639783881,0.7370585831758294
0,1,9.98127756853201,-0.8466637312251984
1,0,12.140856851204905,0.5309043087669986
1,1,13.22869491885286,0.33750751262852696
0,1,10.07578069700407,-0.6611604550901058
0,0,8.670548207857598,-0.8956347174838373
0,0,8.411207877820669,-0.9585963210773583
1,1,11.101345013931047,-0.2526794368746604
0,0,6.063375818428092,-2.1484804561399993
1,1,10.59874400029121,-0.6190721684646526
0,1,10.254140107364371,-0.5103843681516461
0,0,8.776092227316692,-0.03680676406904078
0,0,9.16418580082179,-0.04412628692949881
1,1,10.122928771027382,-0.5068619102073116
0,0,12.432321353783713,0.7708530446449844
1,1,13.569793011559195,1.124467554623693
0,0,10.461525005638098,0.05450050838675608
0,0,9.968227619964534,0.07706000185935498
0,0,7.9610577570174375,-0.851088444921284
1,1,13.551293061891077,0.3209079844698882
0,0,10.389217348733629,0.1580621221879866
0,0,13.435391813224413,1.7867755863561106
0,1,10.841138665459315,-0.5607890417197493
1,1,12.63808120522029,-0.001948744411810386
1,1,11.549597458693968,-0.33699753407315625
0,0,8.621422919329827,-0.9218415754062855
1,0,10.123239875238182,0.052350759107450115
1,0,10.002293643294143,-0.10216589881674315
0,1,15.780079174701287,2.0387413016616227
1,0,4.298058545178822,-2.5380043851611567
1,1,16.082475464876396,1.9549386975285286
1,0,9.616643398266705,-0.41545984982217543
0,0,10.179572476495327,-0.14011799800612829
0,0,7.1119302071961155,-1.2221082342340883
1,0,8.074338769172435,-0.6398707254653941
1,0,7.943926718500971,-1.14623035123731
1,1,13.739549090859061,1.0555122295798756
1,1,13.150746273697175,0.9301519413602556
1,1,12.962426033079904,0.15125300305075526
1,1,12.982060875401464,0.20298361691350536
0,0,9.936975046376276,-0.2969389845916895
1,1,11.625243289760883,-0.1267389376234124
1,1,12.215837929287657,-0.04011828421979055
0,1,14.57348902524025,1.461992037732616
1,1,12.286143543390285,0.15602008988717095
1,1,12.60621001906122,0.7978925388873049
0,1,13.657629240320277,0.41680108237657487
0,0,9.220280297328184,-0.5300058598938407
1,1,13.06305111605961,0.14424290446389523
1,0,8.983969270453953,-0.5668708980203493
1,1,9.61561387780009,-1.141989814933197
0,1,13.25740530947946,0.1391531735440889
1,1,13.179542828575753,0.30914246315166755
0,1,11.913415183376017,-0.1866208835007738
0,0,6.876161378658442,-1.6340332960755173
0,1,14.240558711299585,1.7483401479842233
0,0,7.601064884855322,-1.2434829847751157
0,0,7.10700156754075,-1.3589973263411852
0,0,7.149373473757895,-0.8629552802406265
1,1,9.86187830986209,-0.871459597236628
0,0,11.431030457086312,0.6384200501551051
1,1,15.753889017716201,1.6290036899514704
0,0,9.703223026597078,0.0016414375163451597
0,0,9.586431299902323,-0.18041776302741092
0,1,13.589681625384602,1.0374923811410786
1,0,9.794524350867913,-0.3912026399152042
0,1,13.369120768830305,0.21960164784961006
0,1,12.468829496646908,0.08573387202146722
1,0,7.193426818793994,-1.2047845092780132
0,1,10.568587704779128,-0.5693846341458375
0,1,14.747002852181163,1.5394839213660287
0,0,7.684021398447282,-1.9523189751835675
1,1,12.849173239285632,0.46658298796680114
0,0,11.765602509318208,1.0604781073045257
0,1,12.196745778930218,0.6540239626131755
1,0,7.836941619417478,-0.9323203283619331
0,1,13.066324038520449,0.9739326257734311
0,1,14.089365217331224,0.9937834293153511
0,1,11.670607012158976,-0.2200301909315638
1,1,10.175942489050632,-0.4867458735335961
0,0,10.718754392632883,0.5317645230723987
0,0,9.747436165228118,-0.48170128424889763
0,0,8.397279663057555,-0.7391116952284407
0,0,10.403897021264727,0.5399735116390896
0,1,12.29888058962862,0.31846666967081316
0,1,10.6795837130423,-0.9603142967230139
0,0,9.326949835476817,-0.5900505071524395
0,1,13.363274262171533,0.3793763577314369
0,0,7.458114706131104,-1.4430970482408798
1,0,9.836299213867168,-0.1588015045468941
1,1,10.464764128568373,-0.42615082044037517
1,1,11.011119851129827,-0.3075043599975406
0,1,15.214713840107263,1.3999842089726904
0,1,13.507877772513899,0.6672821404744026
0,0,10.20620180376562,-0.06571159164658023
1,1,10.130910704974836,-0.6830513282375814
1,1,12.007115848469729,0.11379989225321507
1,1,13.458493844147284,0.6998683753032214
0,0,12.211375884565395,0.8544736830293759
1,1,12.30098511908338,0.4097648623978259
0,0,7.03674678688355,-1.3313315681813345
1,0,11.279503791400137,0.5228765942029621
0,1,14.821049715795944,1.2647315164077482
1,1,14.521720130830703,1.5581715682141282
1,1,14.242858594749665,1.1199884410582464
1,1,12.329640322171235,0.2429577616223956
0,1,12.160667383272717,-0.12042858549046312
1,1,11.587065314002057,-0.030350240718777753
1,1,16.078161492715108,1.9413774550282186
1,1,11.198886506236116,-0.7358858008123002
0,0,9.200868057595741,-0.42690685873927176
1,1,10.37780056441334,-0.6752423971834104
1,0,8.904237581272547,-0.9520987492817005
1,0,10.054624255668054,-0.43944715892368236
0,0,10.612987895638678,-0.008825995796078524
1,0,7.428089366962719,-1.2987883751409706
0,1,10.673451023249578,-0.24397575926508658
0,0,9.978407184827478,0.10877774520780707
0,0,7.643353772368473,-1.287751713833695
1,1,12.741203465635184,0.23568766137063837
1,1,12.968245417719928,0.20252002825759477
0,0,12.156212257653573,1.059879968559517
1,1,11.584522078046394,0.17207881752256862
0,0,10.035376000876163,-0.3701624442786208
1,0,9.508671525195185,-0.2469195739935097
0,0,10.54607631376106,0.6758148980145633
0,1,14.188321949639187,0.9460127049946268
1,1,11.737892138608863,-0.018553537232767165
1,1,11.730264398612318,-0.4526088544944908
0,0,10.495824478441936,0.06202678867417655
0,0,7.221232341538363,-1.6724997972691864
0,0,7.970859763929473,-1.0327517444199243
1,1,12.282651375394671,0.48747190849787636
0,1,14.982436450574616,1.6881568475996902
1,0,11.10441676849981,0.6201627060401443
0,1,14.853369174427566,0.9771422062535801
1,1,15.923048092974655,2.120259169206644
1,1,14.320570300590814,0.833320151569747
0,1,14.967750773306088,1.4392148854361182
0,0,10.037359381114083,0.2411968481979491
0,0,11.664511007237447,0.7708374063716203
0,1,12.708689911219777,0.2830425425013334
0,1,11.74836407224418,-0.013791134948343572
0,0,8.748382508188925,-0.8093869010760424
0,1,15.263460842394675,1.9451447520845324
1,1,17.11238554517815,2.4503808520835983
0,1,11.092460177500048,-0.045744453153544105
0,0,6.324988444987495,-2.0096172192388058
1,0,8.005688071986903,-0.6541799360676618
0,1,12.456622349217092,0.195210678199559
0,0,12.06015183101201,1.5716827532970172
0,0,10.700489784707973,0.03134236793171245
0,0,10.238051594547997,0.15622520998648612
1,1,14.393921605326932,1.1000281971066928
0,0,9.373743651170889,-0.5479317470438704
1,1,12.345071667781545,0.15781230232222665
1,1,12.535370607019072,0.11439831900955715
0,1,15.447200837700555,1.5822789509706623
1,1,12.63599321462804,0.3852742676447951
0,1,13.588109474791398,0.6514257070230575
1,1,10.509728642613014,-0.5955049799183472
1,1,12.037240178555626,-0.42225445780268733
1,1,10.788845776986092,-0.7239354055704404
1,1,11.084014045205608,-0.8487757864966661
1,1,13.205981881221406,0.5646063683107561
1,0,11.625691138581688,0.7120580604460639
1,0,7.216842034743519,-1.4696318558749932
1,1,14.793953017806286,1.3548515387047657
0,0,7.659864607352821,-1.3015070972362934
1,1,13.100952263635506,0.6540600289446914
0,0,9.566675231329956,-0.03332542280375093
0,1,13.545688869287778,0.6237876260846689
0,0,8.654511155195559,-0.6573685668969202
1,1,13.188124829050134,0.807410464336044
1,1,12.768623075398317,0.5504916650489872
1,1,13.099474700985416,0.4822065741185165
0,0,10.190900480403743,-0.08833757546393589
0,1,11.67271822087114,-0.08504844666836817
1,1,10.703307620874787,-0.6617695275456418
0,1,7.5892645725064565,-2.053717502143704
0,0,8.263126822285535,-0.8550638499699241
1,1,15.233426175667068,1.1022346779200487
0,0,12.616204429242273,1.0646672613962322
1,0,8.082242965005292,-0.8998369172994092
1,1,10.085122744234434,-1.1952075680641774
0,0,8.767413160303967,-1.2195231649752407
0,0,10.642545595333669,0.0763524697213153
1,0,5.6917878195951666,-2.1069351866327386
0,1,15.477741521599642,1.3957462109119827
0,0,8.151926452650263,-0.6648005554603948
1,0,9.038564380038824,-0.4605446681121722
0,1,12.94216541529711,0.1290571112830987
0,1,16.339430732274195,2.1928664534035196
1,1,14.411292684289139,1.1575423479867357
0,0,10.420711193647149,0.24883740450703098
1,1,14.594521998261692,0.9697368185857265
1,1,14.746752864195129,1.6244552041858356
1,1,10.786767314748928,-0.8340517706388529
0,1,12.41076854943819,0.4701697775887366
1,1,13.441313896652812,0.3884288205819874
0,0,11.182094334908962,0.6192898595955351
0,0,10.01119218257725,0.06787524014645571
0,1,11.50775129265785,-0.3215924312515649
0,0,6.2563576768107145,-1.5648038976915242
1,1,12.201109089508867,-0.21457936658560386
1,1,13.348963972047043,0.33426056895368983
1,1,11.486840165644047,-0.6520177547195176
1,0,11.67036185546203,0.8265372222488229
0,0,11.41671871253988,0.7067753936766268
1,1,11.738478326551478,0.2715391757892378
0,0,8.563428004701965,-0.6920490316918759
0,0,9.253422232884787,-0.7655129907061267
0,1,13.465725638702752,0.9980258488349183
0,0,7.504740659129521,-1.3928390392959775
1,0,10.390110151757113,0.21007507367710837
0,0,9.50568170094635,-0.2692516986491815
1,1,10.572613051379186,-0.4415588220770214
0,1,12.7749304809124,0.5160665383900913
1,1,14.005692641860565,0.869640378603783
1,1,9.170722437642754,-1.5842690690008867
1,0,6.16440927810358,-1.9228575910228656
0,1,12.630218356064757,0.5592653713374621
1,1,12.869341492995794,0.4633695402533184
1,1,10.523742366287244,-0.42714920343361257
0,0,4.809238317470332,-2.3855916217833246
0,0,11.465641837613475,0.4487344258090961
0,1,12.256996522100446,0.6346628432757615
0,0,8.949912046396324,-0.6241362669284143
1,1,14.965926341146716,1.7534616766078785
1,0,10.636720373076866,0.1408274172298143
1,0,6.368408193571901,-1.532043782257491
1,1,15.754039760803323,1.5267271324519918
0,0,5.727716210228495,-1.8418430594689363
0,0,8.72636124862418,-0.25123490842867063
1,1,11.992308406937074,-0.2459158501033455
0,0,8.652829267998507,-0.4392798769497906
1,1,15.667693647951438,2.1615684367976837
0,0,9.142183760899428,-0.34612884732074267
0,0,13.836421064825256,1.9694659289419654
1,1,13.001642996445685,0.5147056018759993
0,0,5.351819430000349,-2.235435955761622
0,0,8.664876210065279,-0.7131550953214238
0,0,10.464208847736975,0.6446802309416564
0,0,7.964338388342983,-1.2073608004424146
0,0,7.070289221740869,-1.7471968109699347
1,1,15.58436757287591,1.4099455434964359
0,1,12.98371861926822,0.3801980639724931
1,1,8.85538607229442,-1.7885518113839216
0,0,7.488951681834344,-1.3143183316737033
0,1,15.462879067022914,1.8304456097605877
1,1,11.156514487807192,-0.608854494444132
0,0,9.633705615978156,-0.08267579279473199
0,0,7.724274806064929,-0.9133821219135357
1,0,9.839604851024255,-0.3194872097666866
1,0,9.149816886721869,-0.35998283887750077
0,0,8.636322795019916,-0.5906219062247321
1,1,11.064930660845922,-0.3153534016529349
1,1,14.927384044052099,1.6388136865864935
1,1,12.311206855266434,0.7703011098207374
0,1,12.186378198435328,0.23788622954544497
0,0,10.127170969672369,-0.013460569149432612
1,1,19.88133095790943,4.054089373472408
1,0,11.347070880662015,0.703479422137813
1,0,12.60690848842627,0.8658771374254294
1,1,13.410155753730463,0.49935103941564546
0,0,11.011041952215862,0.7608086934076921
0,0,13.329821996143247,1.4328605357230237
0,1,13.282262799356612,0.4535455948893057
0,0,8.279267653675479,-0.7188284901559207
0,0,8.12526690594967,-1.335031513809324
0,1,12.352389883580159,0.44223882647595275
1,1,14.238547298184976,0.7618996098070407
0,0,6.575505189786995,-1.9519117686219096
1,0,11.274816548075437,0.28599376559033923
0,0,10.158346708863503,0.06361236263924708
0,0,10.519670878538596,0.2361727883230765
0,0,7.257451080431751,-1.4489246512033958
1,1,14.228870817977095,1.3696571657540848
0,1,12.39036012348403,0.24874924242775784
1,1,12.829806507684482,0.15160621062898555
1,1,11.59089349021796,-0.060676478275648774
0,1,11.683866429013767,-0.3792656531458573
1,0,8.503283832645744,-0.7259954493551635
1,1,16.291637605913298,2.0737701557917685
0,1,15.172532583539738,1.530390301624308
0,1,17.042245865704526,2.6049138811345727
1,1,15.64092986445075,1.6724574408351365
0,1,11.408664947555721,-0.20284662486244276
1,0,10.987910464834131,0.31194300121470264
0,0,12.296780924358538,0.6332053500000362
1,1,16.2712850092717,1.8168642923934692
1,0,8.914596955874282,-0.387171144022407
0,0,7.468039937604194,-1.0321541855382792
1,0,7.480720413760268,-1.0486257099973275
1,1,10.970292887730562,-0.4539254295167787
1,0,9.386597477222484,-0.3418238007532064
1,1,11.696471114273065,0.04621353257723316
0,0,6.664249436283713,-1.1326874379339935
1,1,10.346045750333907,-0.9618509038812607
0,1,13.674666930150298,0.7368090115890027
1,1,13.546724729139386,0.806331426089056
1,0,9.11595404537843,-0.5655259658514847
0,0,9.631908198955331,-0.19567978281442402
1,1,14.903148309393522,1.0785811299790242
1,0,8.6452798359966,-0.6564995743286789
1,1,10.26641393421888,-0.7997670201672267
0,0,11.651031696459347,0.8883933284049802
0,1,11.556898633879161,-0.27795298333138013
0,0,8.539934718924611,-0.4840954322783877
1,0,6.509953289851942,-1.5229852527267866
0,1,12.646761188864328,0.5356884845474792
0,0,9.83994768855391,-0.47605102369476776
0,1,13.592155147091896,0.740169285090834
1,0,5.934447178577577,-2.1618711378010076
0,0,8.239050726706074,-0.7773586657872885
0,1,14.162241493826224,0.8229313447915301
0,0,8.690261929814062,-0.4834914327993289
0,0,7.56320192478017,-1.1984122272435804
1,1,13.643395701061037,0.716706680721176
1,0,9.375241467884488,-0.40289577678562816
1,1,11.67700934508732,-0.2704539673983897
1,0,5.284256939311567,-2.113529913381532
0,1,13.125408119347602,0.8824832171910606
1,0,7.707932461823576,-0.9760415641782034
0,0,6.049588761487559,-1.572933303830609
0,0,6.64059248867986,-1.8375390873120254
1,1,10.593105961124813,-0.6997040167117442
1,1,14.543640932179773,1.0806714156770725
0,0,8.619617852071327,-0.9092419615919582
1,0,3.748979300975047,-2.481941184620165
1,0,5.403551932260512,-2.03919341360815
0,0,9.504221142494073,-0.4222106028463292
1,0,10.332467591956199,-0.1455145365626956
1,1,10.789658405017054,-0.5086536703848773
0,0,7.817365897302877,-0.9477233290014871
0,0,10.141841848681926,0.13504692110377228
0,0,7.844745351009972,-1.0767317439042996
0,1,12.185182420189596,0.033849017746826984
0,1,12.150934237966185,-0.08738463910325453
1,1,9.853978557877324,-0.8605386155932055
0,1,13.484541769880218,1.1199370978718501
0,0,7.5418909704708215,-1.0836818875279637
1,0,9.199353075505584,-1.138083880848722
0,1,15.21365249201843,1.3832188109101975
0,0,12.016484713305175,1.361182909950691
1,1,16.832708265927675,2.042394526154012
1,1,11.83842365594751,-0.33080171138773706
0,0,10.96329134710416,0.2227026664109157
1,0,8.581479774475167,-0.7410418868990235
0,0,13.062354536161317,1.0066991666726919
1,1,12.37850126726978,0.1458954680077243
0,0,7.716989715715279,-1.8378837499047969
1,1,14.169329677607204,0.8029180411256137
0,0,9.153895897583732,-0.32044549690583585
0,0,8.61725010486497,-0.5983556663298979
1,1,10.945493795464845,-0.43322231404940115
1,1,9.054809845093613,-1.4072951191255871
1,1,10.850543730927267,-0.9120390809472632
0,0,9.552543801066557,-0.10087909833412002
0,1,13.997011938658765,1.066752626106963
1,1,13.905187804543612,0.6459072920921013
1,1,13.11329767997693,0.8251544094458335
0,1,13.465044879031737,1.081304950032136
0,0,10.050011350465374,0.19473047364304633
0,0,8.962669512320792,-0.295993339692566
0,1,14.852535174862448,1.5124927528008305
0,0,8.350727958696849,-1.0558364759856367
0,0,10.723257368770412,0.5206336436459544
0,0,10.354428949803632,0.5342443282943018
1,1,12.330593139002168,0.012412877619441046
1,1,17.873580656100245,2.788062605388627
1,1,12.939090876164292,0.3227688727502612
1,1,17.73078313920524,2.6585502640937686
0,1,14.793193963871568,1.0872750714122612
0,1,14.203140119561004,0.9162477947442876
1,0,7.427989274382188,-1.24125718212735
1,1,9.564605009338843,-0.9320060878757213
0,0,11.84793752448469,0.9442422515698059
1,0,8.833211272084824,-0.48652474237294335
0,0,5.5139234854857015,-2.25916534371597
0,0,12.143607535001781,1.1124439026922015
0,1,10.322508482875406,-1.0114765408674697
1,1,11.330464288345006,-0.4600402449304864
0,0,9.510568858363808,-0.2098065310344622
0,0,10.062582240686243,-0.41618044708511154
0,0,9.529892010024986,-0.22958203048842238
0,1,15.330934122813085,1.789744339323162
1,1,8.912210117282514,-1.43496627729124
0,0,9.12851142276424,-0.43644807209690356
0,0,8.07563371759477,-0.6345680007923753
0,0,11.629265835519929,0.7105083489984355
0,1,11.21364065977222,-0.6521899123515418
1,0,9.461494382670438,-0.29558023426853924
0,0,7.2393089701798194,-1.751503120208849
0,0,10.65323080280694,0.27319149500210665
1,1,12.376108546310371,0.20020088535260736
1,1,13.62435015691839,0.7552548895838446
1,1,13.035022275007481,-0.09718371464409077
1,0,8.858085813617427,-0.6529859371607741
1,0,8.51762024319571,-0.7954906082411365
0,0,10.254858041251527,0.4719275646719362
0,0,10.181011237667777,-0.11887582550661116
1,1,17.19921541126294,2.292294748019758
0,0,6.656151708351413,-1.684083153073155
0,1,12.005217259083677,-0.09469369408640332
1,1,11.784773032872684,-0.09961578081924406
0,1,13.123452735165218,0.7268234655588506
0,1,13.864679801917996,0.8240339031554033
1,1,11.757456103140816,-0.006179007694391589
1,0,9.662299463678217,-0.17797083503504224
0,0,8.661179651547187,-0.8168980445848222
0,0,12.636391728455731,1.0769757548641967
0,0,11.260833271746174,0.7860756012671555
0,0,8.89028459862732,-0.9311883896214989
0,0,10.085176104317506,0.05578620168200842
1,0,10.644270490760826,-0.04861447609434502
0,0,10.487654777088299,0.6179721338188979
1,0,10.327428238748837,0.2624548799153814
0,1,11.56653710045293,0.008480108045484464
0,0,9.511507312366716,-0.14229586721691423
1,1,11.366346745728551,-0.39059673395861066
0,1,12.92227570747218,0.5962514450143825
0,0,6.4688006862291925,-1.4226818442593765
0,0,8.8645175757987,-0.6316940500498727
0,0,7.226336439665115,-1.1482512876231246
0,1,11.39887019144994,-0.44135546114086627
0,1,16.64476520529001,1.9398512543345376
1,1,13.857614348499702,0.6446395750587286
1,1,13.131356224831169,0.32947313720920485
1,1,9.23651219316228,-1.2132001716890564
0,0,8.764224895553143,-0.9498300642662171
1,0,7.149216854470845,-0.9561741566538506
1,1,12.784799133888566,0.5387146345570305
1,0,9.616381412664989,-0.4922682678375087
0,0,9.076844978226903,-0.21726373031161433
1,0,5.447289446906868,-1.8854545676230123
0,0,11.010567789647581,0.1173760873021251
1,1,12.227198030212616,0.5883893612736631
1,0,10.172357985984396,-0.16474240408721072
1,1,14.528476920592482,1.2525758852987443
1,0,8.296537193242363,-0.8862335682075417
0,1,12.315638450797286,-0.208830922691826
0,0,12.190368938578375,1.1215811804808054
1,1,11.634245094367449,-0.17113776341854323
1,0,8.384897200955317,-0.8791510196665108
1,1,15.621907219118858,1.3260261965832947
1,1,11.716426047291721,0.09739728959974393
1,1,14.43406994992091,0.8595170402690236
1,1,14.44671719427854,1.2380003006227838
1,0,9.267127989083061,-0.7431547559232883
0,0,8.458413709079025,-0.504978012809674
0,0,10.202434385807347,0.3390050370020845
0,0,8.182043536839876,-1.1666601191324006
1,1,12.219261600779317,0.2816951805964861
1,0,9.17079107372735,-0.28587745797577147
1,0,8.181592372497574,-0.7669425788892505
1,0,7.567867632175175,-1.365949605255029
0,0,10.880555757790596,0.16029281475438326
1,0,8.05343146272451,-0.7098588771697454
1,1,13.694611055076441,0.570475481143095
0,1,13.276560747290247,0.5017681790628482
0,0,7.2290581050475256,-1.2719349751189812
0,0,9.273441326108747,-0.1900406579744476
1,1,9.254631592713118,-1.3120736742974444
1,1,14.26878217696432,0.9396777577395605
1,0,8.82959415280165,-0.3089519008794336
0,0,7.837302112632367,-0.6431822697546988
1,1,12.816248007196803,0.8130567286091799
1,1,11.235001904686415,-0.06112736666925179
0,1,15.11820790597646,1.6779954123509568
0,0,10.455949415282578,0.28760780455237983
1,1,14.212474870624924,1.224051852796913
0,0,9.102441950584454,-0.3741611175886381
0,0,11.140216747478433,0.0947479122547271
0,0,12.922585260355829,1.433064858346856
1,0,9.44377290515942,-0.21816686257370718
1,1,15.789091807602805,2.010172479610938
0,0,9.038186064112214,-0.5401966306339433
0,0,12.387781850051377,1.2317369744726092
1,1,13.834456599899154,0.2596489125175258
1,1,14.045780431216738,0.9528047100949755
1,0,7.771956157875855,-0.9378588641055807
0,1,12.418948395654786,0.2841189182521581
1,1,12.62833643838918,0.40731884055674344
1,1,8.921087353282553,-1.2237459580687595
1,0,9.105779829940204,-0.6816794435521194
0,1,14.410928132391309,0.804786267264643
1,1,12.590424769343482,0.5517815438346199
0,1,15.347990811696361,1.7314749717073976
1,1,14.59920406271117,0.7519892005383434
1,0,9.757300312167663,-0.3402813975007065
0,0,6.204449524030869,-1.7029272105451094
0,0,8.137460422713524,-0.492859657458257
1,0,8.951089452661188,-0.2848507719584603
0,1,14.848285159480747,1.3267129950058651
1,1,15.062451686901385,1.7949228899640008
1,1,12.390217025595984,0.6250353253482162
1,1,13.840376526760451,1.3208516871038394
0,1,14.770208471775646,1.0165196552840527
0,0,6.673767097718689,-1.1572358045856137
1,1,13.040467063369789,0.518774308714755
1,0,6.95352905710455,-1.586118545624855
1,0,12.573494335672352,1.3401032168087763
0,0,8.328348075211238,-0.6899478286122693
1,0,8.018768648150612,-1.1904744178364075
1,0,6.890087507799257,-1.6178905212831982
1,1,10.923081582109804,-0.3793647942288472
0,1,13.279226572253185,0.575326522895209
1,1,13.402880742208552,1.1051084743094135
1,1,11.04406232656655,-1.1229345635072523
1,1,13.096121021316879,0.17265448033780711
0,0,12.214855365554822,0.7145859077001595
0,0,11.765890714593073,0.7901233637394869
1,1,12.046475994033809,0.38599837906167256
1,1,11.727857888906492,0.05862935852331442
0,0,9.828267960311564,-0.06150534202233442
1,0,7.771307965461185,-1.0829225306144181
1,0,10.242205009441768,0.0862183322440577
1,0,11.075125069185667,0.5740073695295042
0,1,8.587230327419897,-1.3507526897430229
1,1,14.711976523440576,1.4608327758330655
1,1,12.632242883045192,0.11396865075189301
0,0,12.240313628845014,0.8997581663769656
1,1,12.49921293905468,-0.1709694967388921
1,1,14.6267517223708,1.2089162907459838
1,0,8.930159159324134,-0.8228971887619607
1,1,12.481994638994681,0.27572588552960037
1,0,5.012145180164009,-2.8629454749832663
0,0,13.347695234455012,1.2817603371663597
1,1,13.965218550839925,0.9223334336754234
1,1,14.510377149871115,0.8824561941270873
0,0,8.38406740351527,-0.7059864961589155
0,0,10.640219982651974,0.27281126344867823
1,0,10.87800077118625,0.22056498066937702
1,1,11.656544161179056,-0.047874281970884426
1,1,8.926598565291002,-1.544901260552772
1,1,13.765163868586871,1.1565292597851133
0,0,6.995927617079286,-1.3822900666238918
0,0,4.187945644203839,-3.0366435382042485
0,0,8.779809013897836,-0.39546104241893504
0,1,13.360286285709673,0.5916276168450144
1,1,11.174483696585549,-0.46724308652288604
1,1,15.036164595464978,1.727652436979286
0,0,12.617774056598423,1.0768241860039585
0,0,9.758406066365648,0.19844437858452998
1,1,16.91567311032384,1.947921805156927
0,1,12.779868677260318,0.3692680752218766
0,0,10.475355520098102,0.24402484978708533
1,1,11.813382300505964,-0.32483778385061296
0,0,8.141599382843529,-1.2724811487927075
0,0,13.018043822406755,1.4221670535350592
1,1,8.702535796720053,-1.4074963550196258
1,1,13.212457176716596,0.5655223550320905
1,0,7.076499388958448,-1.4994287673595248
1,1,12.507898640060866,0.7345779622405469
0,1,10.38973341599415,-0.4046624742026464
1,0,8.510490317803201,-0.816194418559825
0,1,11.986108999293435,-0.2234403808517073
0,1,12.965745708468408,0.22995590123000562
0,0,9.915296970100663,0.17179610303956916
1,1,13.651024297603126,0.6900564046958029
0,1,12.854956893548684,0.15905286366242644
1,1,15.386870281942059,1.3017613404311856
0,0,10.826129243251792,0.6460802927334752
1,1,12.07050014024772,0.06124597593707021
0,0,8.965259230863959,-0.14533104058006982
1,0,6.728266151690538,-1.499214294445448
0,1,15.279524479584936,2.0005252942250946
0,1,13.678722064392888,1.2738015626812558
0,0,7.3336240747550345,-0.979559298240761
1,1,14.986865070460265,2.0535094802890206
1,1,11.22131850928573,-0.441277181495104
0,0,8.700790486886246,-0.9650944695555005
1,1,14.502803077245689,1.3631094164097126
0,0,12.011927259727175,0.9836749563586343
1,1,11.174174938321572,-0.36378408214487507
0,1,13.674534451507713,0.8011068436560433
1,1,13.778225741939135,1.0349740684466404
0,0,8.366898322438967,-0.8857028868636412
0,0,8.090265566677349,-1.3758123812458671
1,0,10.638613117743052,-0.11007663028916016
1,1,13.195613522853748,0.6166870764395389
0,0,9.619582659205564,-0.2863725735337507
0,1,14.321900492002177,1.3832277838310436
1,1,10.301766457014722,-0.39939639126221643
0,1,15.029584223568314,0.9898920807721561
0,1,12.276398913667,-0.10469317179174843
0,0,8.86059132789301,-0.855367419683376
1,1,13.9254612925903,1.2389632429834867
1,1,14.85090464976038,1.3905324614503236
1,1,12.051083887592368,0.017420506487389888
1,0,8.200028362614336,-0.8510345602641731
0,1,16.474579775809254,2.276105058148362
1,1,12.541288567390248,0.07830477435678278
1,0,10.372981174872212,0.40954456938153083
0,1,14.124571914802559,0.6495920431223564
0,1,18.427501952872515,3.05796377490097
0,0,8.651323650293461,-0.6203163683195986
0,0,9.75490184524095,-0.3334946321960074
0,0,11.001741715404913,0.2951410512400174
1,0,8.150451491301784,-1.0797966779676493
0,0,7.14430241005612,-1.3998707645304358
1,1,11.425937079017217,-0.11538500459682963
1,1,9.300832572861207,-1.1275005560084574
0,0,7.021641718130343,-1.8239265469870158
0,1,14.399362326738306,0.8631723892381443
1,1,13.62408852959793,1.2378394707686375
1,1,10.149821033823978,-0.7070311152118127
0,1,11.91070134759448,-0.11856404810994052
0,0,8.001854743761253,-1.4241813089221298
0,0,11.734378495522286,0.2091916228214028
1,0,6.831477253664972,-1.3757112303974317
0,0,9.214661759506352,-0.381847120830461
0,0,9.527468182896026,-0.1339780237536368
1,1,9.651095991461377,-1.3256721707990722
1,0,9.133538018212105,-0.2911502782938809
1,1,15.166608994839084,1.43909828263188
0,0,9.915394298693093,0.08153180188400556
1,1,9.370710238005604,-1.4343197241144878
0,0,13.838699714439562,1.958280633056303
0,0,11.018647864707212,0.12912383552184487
1,0,4.649598289466182,-2.341063444394026
1,0,5.982426161255249,-1.8054090894328054
0,1,14.671432137132964,1.0502396491458303
0,1,13.422150565488758,0.7980417865736981
0,0,9.34785631199026,-0.07347365746995141
0,1,14.659493873159137,1.0737028098095098
0,0,7.349951309416167,-1.451155520053365
0,0,9.337404906381838,0.007780877995447228
1,1,11.674855694832482,-0.3685914307888004
0,0,11.052038078284228,0.36707384776158386
0,0,7.61771600944951,-1.043490265377263
1,1,14.151490786533621,0.9731861922436275
0,0,8.349221832095346,-0.826626623186265
0,0,6.673680383329265,-1.7902288067660086
0,0,11.607760494323548,0.35907800120930333
0,0,13.862502150447828,1.7506768502230219
0,0,7.700850571656619,-0.9791851642854665
0,1,9.837286599462969,-1.237200679760986
0,0,10.564942254854707,-0.14938590624352568
0,0,7.763474273459355,-0.9361337792988801
1,0,9.562200099043398,-0.20285350810407382
1,1,13.993659147041642,0.5872366535832887
0,0,6.378400984917284,-1.7337289023782392
0,0,9.148441198182713,-0.5845749542396652
0,0,7.666013049540791,-1.4226431249542364
0,0,11.244568257022605,0.4517727010231492
1,0,11.349995261056874,0.4000467604925171
0,1,15.763108291117184,1.5940689163707502
1,0,8.181913971799268,-0.5696112690483911
1,1,12.851095280161708,0.5410837238270031
1,0,9.067226059630283,-0.6080531420906337
1,1,9.176000794113321,-1.2895166870751444
1,1,11.3246846243585,-0.36649865517573416
1,1,13.570340411427331,0.23486436834419183
0,0,12.766485202413223,1.50656427968866
0,1,11.787999317276306,-0.22038195473856687
1,0,6.685253233735196,-1.2251489779306497
0,1,13.051670922244181,0.6138508512732956
0,0,8.088180730910622,-0.9631099710954464
0,0,3.58184902181861,-2.485646172013232
0,0,10.31544519186088,0.0987485003025452
0,1,14.06582660154518,1.0318421225739356
1,1,13.17302962193503,0.7096943355871613
