L1,L2,L3,L4,A,Y
-2.221253875745377,0,13.1881378327415,0,0,7.744424824402873
0.025999652649581352,1,8.860777461903218,0,1,17.517056446431436
-0.5389690203529267,1,11.082167447654006,0,0,14.653889335772218
-1.1291927754818196,1,8.783893715818733,0,0,11.894580916169037
-2.441866645632954,1,7.420966625849712,0,0,7.148595530613923
0.7653914031615243,1,9.267002689648532,0,0,14.681372002146292
-0.7597093453832795,0,10.469728736688383,0,0,10.9317879478094
0.2669961949272511,1,13.01312855937732,0,0,18.378158527481233
0.7017808518851028,0,9.559236090522866,0,0,10.612752059026667
0.2921213158190323,0,7.549702044138701,0,0,8.928246731606304
-0.19809308384188445,1,11.227701702546591,0,0,15.855461298332804
0.6587712633582326,0,8.073780057809108,0,1,14.962417207409759
0.5199574310030347,1,5.028707655973536,0,1,17.384717850884336
0.5990114185671891,0,10.19749700060509,0,0,11.223573189021824
-1.6515809534097465,1,12.063684245147872,0,0,10.784821489401375
-0.3924406993260177,0,11.419388671174323,0,1,13.209363764253016
-0.6773169588205007,0,10.030866471739742,0,0,10.230790374478634
2.936010765698419,0,7.759655947390422,0,1,18.488305860333693
-0.6646272262326735,0,11.063632513980659,0,0,9.241491888612526
1.2574634446471256,1,11.240664848591988,0,0,19.91869107712784
-1.6811072148716157,0,6.834669977544885,0,0,6.393377638449827
-0.3995734603257533,0,11.510814394275371,1,0,4.1995438820341136
-1.4327367537731586,1,9.27093872292016,0,0,11.826289730116086
0.19294244931920737,1,7.5470219530526,0,0,13.832986901926994
1.8133575161831403,0,11.099000370669136,0,0,15.203208930761068
-0.8917145205416988,0,9.913220964768993,1,0,2.662837471918853
0.7895487881079712,1,10.339320612968617,0,1,20.628549834501456
0.7744269274189531,1,13.583693712774664,0,0,16.766841125077512
0.6402849053185113,0,7.62277352259615,0,0,10.080353301352126
-0.22629012851584646,1,10.97790912086027,0,0,15.509947481274237
-0.15511152517752427,0,9.735994791800916,0,0,9.230336148944803
0.1357670813244038,0,10.353535907704282,0,0,10.561767294754633
0.20712397429002277,0,7.82254412619635,1,0,6.3794572279307395
0.15661144530507198,0,5.826981504213812,0,0,8.398703398251739
0.7790016682774777,0,5.058104912693946,0,1,11.403942373665839
-0.12641764227699995,1,9.026815812001551,0,1,16.487204079073333
0.5466948093298707,0,6.947463395158106,0,0,9.151193309395312
0.3043578489631048,0,4.581528891458834,1,1,8.17829144202207
-1.1217465716449955,1,8.939657980735351,0,0,11.991031513438857
-0.9157117311829386,1,8.080113571011465,0,0,11.505660131678308
0.5673600872781462,1,9.20742303713953,0,1,19.153277877877926
0.48441871705173456,1,8.039678325596293,0,1,18.940643106720774
1.0824051701298816,0,8.511686312900142,1,1,10.375618828857451
-2.2349721654025054,0,8.275090751566326,0,0,4.96287951088898
0.6137257714692409,1,8.812302141930143,0,0,16.752921859090154
-2.4124817660513886,0,6.092405250379515,0,0,4.437608860568656
-0.05619248811950657,1,9.271063103806162,0,1,18.43404221876179
-2.480624084585887,0,7.808723324206083,0,1,7.952614963609567
1.348281915243098,0,7.014883820533022,0,0,9.882163651327694
-0.8588094160206777,1,8.175441108157695,0,0,12.878061334312488
2.174576084017792,1,11.113027027431695,0,0,20.858899478228324
0.21020079374027523,0,9.25291269585452,1,0,5.599891355698237
0.8432831603214778,0,9.956521067586008,0,1,15.962998589018982
0.5735034118643726,0,10.303384985771928,0,0,12.532917878181427
1.7975854062361283,0,12.258960143720545,0,0,12.777206687346096
-0.029638388270332904,0,10.512283101907915,0,1,15.061262387028474
-1.141715082797342,0,13.327452214390812,0,0,9.736262277337138
-1.185882152733331,0,9.739321697953756,0,0,7.895597998113164
-0.9171742457584934,1,14.269215304119585,0,0,15.032503194822443
0.052650061610921235,0,10.901535536537507,0,0,11.409861485503463
0.3506347558482142,0,11.180379115110032,0,0,11.2035904930528
-0.259445029011881,0,11.87669247897783,1,0,6.124348822893639
0.15523458083955566,1,10.09392320648652,0,0,15.920098535079642
1.5529693472629076,0,11.103120960719782,0,0,11.710014513817997
-1.7688255075629586,0,11.438158615600488,0,0,7.055266511582464
-0.5514149862416227,0,10.13207661910459,0,1,10.899834237007612
1.0262592269084683,1,11.95062497762439,1,1,15.637404859283407
-1.0660608532560127,0,10.081538592582236,0,0,9.029447712625286
1.0377617641232724,0,9.157829386270496,0,0,10.536125764468832
-0.424800626521208,1,8.654180457515853,0,1,18.02034212856005
-0.5849302908007318,0,11.385617415913408,1,0,5.812222961950148
-0.19356211553497682,1,10.974865251640166,0,0,13.85389920090654
0.17278667373147089,1,7.5454793777528515,0,1,16.225100232290714
-0.3412930654860201,1,8.20460965763581,1,1,14.114506137824426
1.5198467925976922,1,7.940857819451092,0,0,17.772361827243206
-0.36040250800099527,0,12.113231707679539,0,0,10.877531966743005
1.196805764738728,0,12.49436542430185,0,0,14.3689640552001
1.0997383289484357,1,10.17861108950184,0,0,18.1143693195715
-0.20128900538686428,0,8.373519865792927,0,0,9.632684597071906
1.3971294839903257,1,10.485752697777802,0,1,21.80068628326731
1.8472524597804576,0,12.77843113305628,0,0,14.30493755127149
0.6593251585256762,1,9.690416377132179,0,1,18.649828230401024
0.8903562474049924,0,10.87478921458686,1,1,13.074272785937502
-1.7331004786203248,1,8.15073261880648,0,0,11.003750696829847
0.6095007518217401,1,7.301989108565298,1,1,14.961452339563303
1.1320764129598004,0,10.10309466993365,0,1,15.972159483244582
1.8614751521564687,0,9.880810110383225,1,1,13.48442380592333
-0.4199949025143882,0,10.297366514676073,0,0,9.89934579959507
0.24266986572683572,0,5.023016825318268,0,0,7.463660455976198
1.233624266692747,1,11.764911849936455,0,0,18.86514114805206
-0.6615567428361304,1,11.49923038659162,0,0,13.289840581084228
0.666831993874493,1,13.018580772367036,0,0,16.10787147254971
-2.8975960480038756,0,10.25522983895297,0,0,3.057354288726244
0.6290134099908832,1,11.786656150050419,1,0,13.935720446451985
-1.609352238226182,1,4.204255093679062,0,1,12.589653534740973
-1.64413471118038,1,9.497393592738181,0,0,11.120367298739877
-0.3124223378405143,0,9.698161290092708,0,0,8.219944827793086
-0.49474574888162626,0,6.344678766019626,0,0,8.206096465984354
-0.0005655605321230105,1,9.825487500564737,0,1,16.18120103996726
-2.5270714567959067,1,9.899555128436534,0,0,9.983887755247844
-1.0773331590483546,1,9.931067410592162,1,1,13.184690700509663
1.8268447990865608,0,12.462270576170173,0,0,16.086410163966743
-0.0034569477574328926,1,8.303804970046798,0,0,13.964922855688364
-1.0609045187759654,0,7.733988944740596,0,0,6.9726865773778375
0.7164387133526796,1,8.568096858618846,0,0,15.328900568365544
-0.23174716780021826,1,8.957438204576768,0,0,13.85861844317313
0.7873794491761389,1,9.679324529214737,0,0,16.24072221713443
-0.34310673331541663,0,10.514364238122036,0,0,9.216612219365437
1.9064239970431653,1,8.600177873784888,1,1,16.46310641169895
0.19594610890845515,1,12.421834530018462,0,0,15.51250226841694
0.3494399453206961,0,10.96670125324466,0,0,10.26051415995002
-1.8204279972056467,0,12.276758157690955,0,0,6.36106466224751
-0.9470563111903616,1,13.505605993364112,1,0,12.064630077978359
1.049816687463589,0,9.80095709489675,0,0,13.092293588448511
-0.8464097980780796,0,10.506021690234862,0,0,7.062868745726892
0.9524240947839412,1,10.219094110290182,0,0,15.40055418047196
-1.7392849945210138,1,7.916253917125048,0,0,11.385359963531458
-0.12169417260233076,1,9.162737831925991,1,1,13.940553519939916
0.8527750745611803,1,10.704538221969315,0,1,21.814612658767793
0.08905106923140994,0,11.636546541751866,0,1,14.385926651727923
-0.3897264490229021,1,8.533835433744809,1,0,8.590326142155284
0.8815750536928294,0,11.395217554524068,0,0,12.330374286480986
1.784612401676478,1,9.539084020920681,0,0,19.87661301426057
0.4736245118177991,0,10.503396810761062,0,0,10.722119158995378
1.5646071123037484,1,8.769278288876043,0,0,20.426497577177916
0.992847855031292,1,11.021169395020767,1,0,13.437175589472787
-0.5569346455832338,0,10.70427511433645,0,0,7.587130288405125
0.26503647031669314,0,13.025568637059624,0,0,12.277505352950037
1.5015685947845274,1,13.69141737989834,0,0,20.376548404219868
-1.2010059748658735,0,8.059232152000773,0,0,5.400963506902073
-1.1591050732034571,0,8.411536723578141,0,0,5.82719613703659
-0.571992880655174,0,5.817501875945271,0,0,6.364334617044337
-2.333973212737229,0,11.609700651642836,0,0,5.683972637891382
-0.16862636949857085,1,10.885491788234523,0,1,18.723251349950498
0.7729327784548723,0,12.465380988551223,1,1,11.73538091777666
0.07297662847478588,0,5.0891243372948525,0,0,7.149355468264268
-1.6103228637151952,1,10.274604830789658,0,0,11.4405716562474
-2.2537521841227703,0,9.29704552200157,0,0,5.0117408101314735
0.21677955894163997,1,11.223437538886055,0,0,14.534868722650367
0.7001355069475316,1,10.632327826105122,0,0,16.393355993630937
1.178199263645443,0,12.346899776780532,0,0,13.306023132078588
-0.2777911567830967,1,7.187913906283539,0,1,17.035857075769282
-1.7607331245481015,1,9.633173828419185,0,0,11.254092559466788
0.1902324425909907,1,9.67941166055028,0,0,13.598933889630322
-0.8973514654713385,1,11.84419429670556,0,0,14.064038862693494
-1.757211588583381,1,9.848756706768635,0,0,11.21691876675165
1.1641098020435843,1,12.61839333871829,0,1,21.948467249361165
-1.7740852313179638,0,10.213257069784387,0,0,7.047834305055127
0.9027550268786733,0,10.463780159022084,1,1,11.039809840267447
-1.096182399752595,1,11.626798175645977,0,0,12.156136923348015
0.37566212903729146,1,9.246336501344604,0,1,18.57682809428934
0.631780983422596,0,10.929707004104941,0,0,10.83845819786932
0.6684543371716936,0,9.109319291938576,0,0,10.472790335851517
-0.5458133771480481,1,9.544552969914985,0,0,12.484025010013577
0.7217060275057615,1,6.324102023321151,0,1,17.864151621147332
-1.7712456417116744,1,10.340935675880411,0,0,12.744374334056872
-2.1035715365868453,0,9.342858387825013,0,0,5.348527549479799
-1.0385555541730285,0,11.724320264160582,0,0,7.887426262261029
0.5792355159215262,1,13.320868949487554,0,0,18.061024140505477
0.36751818460769975,1,10.406551477825216,0,0,14.743954398687318
0.2583819067363226,1,11.11339362492001,1,1,15.513051392910135
0.32362746828555716,0,9.501639635329788,0,0,12.129870960817042
-1.0321926039420186,1,9.441371006674592,0,1,15.54877453025506
0.5950631671109637,0,9.472496744983744,0,0,9.88944587954917
-1.0493359658885195,1,9.91686422164274,1,1,12.19852761537192
-1.389004412050653,0,11.102683280645662,1,1,6.04167696669929
0.22189125583215408,1,13.457839187813635,1,0,13.0105445331021
-0.8785540332418371,0,12.244091267043371,0,0,9.587505426985343
-1.4935227275358456,0,10.188477591511058,0,0,6.5762281523475306
-0.2342955664884054,0,10.450247840034967,0,1,15.381583573650024
0.5337217652061484,0,5.737632946583358,1,1,9.488746510800024
-0.3326221736092843,0,13.277471048258889,1,0,6.891792243883604
-1.004854435195507,0,14.235175042058108,0,0,8.903920461585708
-0.07571547716596307,1,10.39689405799722,0,0,14.34170427664983
1.2606702350955483,0,10.361949328825506,0,0,9.92197987889731
-0.9173133203150231,0,6.1817493524508365,0,0,5.872697988460612
0.3501069994709503,0,9.246029687149829,0,0,11.358176241683108
-0.8180499673024364,1,8.31201299786259,0,0,12.57225079841756
-0.36426274110470913,1,8.340032308944192,0,0,15.557933569297187
0.6178670809222103,0,9.077296226326114,0,0,11.457337256500733
-0.3867479377615388,0,9.842619093520447,1,1,8.976364840634027
0.3316803676443711,0,12.098245504817255,1,0,8.605837498332068
-0.07366835537142585,0,11.575797816185585,0,1,13.417092640914879
0.025731798243372905,1,9.80735744246756,0,1,18.19805559194719
0.5679000064912474,1,9.194761419090291,0,1,20.391067243635035
1.527441032420882,1,9.199896810747909,0,0,17.993657424820025
-1.3984112527512305,1,11.510276688064325,1,1,10.942525295389059
-0.9090812945761586,0,9.622385002693694,0,0,7.562846606804328
0.3195986925188033,0,6.608933959763599,0,0,7.936962473403267
3.0594403671849886,0,5.397705134078293,0,1,16.79024223513625
0.6309607155644319,1,10.940841669648112,0,0,17.91137004954739
1.795710225790824,0,10.831874695456149,0,1,16.717843540283937
-1.4188490982253137,0,8.420067617017267,0,0,7.167714590648153
-0.22382253127550608,1,11.266969245157409,0,0,15.927540473256354
1.8359389847846703,0,11.078563313889216,1,1,13.1555078019922
1.63104056131516,1,10.846026376618811,0,1,20.124475341383018
0.07963636744218562,1,10.63668530824113,1,1,14.699419236505191
0.24453945660753143,0,11.923040605795006,0,0,10.357906088303388
0.3026773481176949,1,9.007548880891116,0,1,19.00296292631734
1.044489957734694,1,13.458834922972041,1,1,17.087275639967068
0.7205471689903775,1,10.023993603417606,0,0,17.134999405327832
0.30274354060289566,1,13.325086414243836,0,1,21.432423504507742
1.0394699905558813,1,11.449566586843291,1,1,17.23140798186912
3.2324860071642516,0,10.02002181589394,0,0,18.887447097787206
-0.935274321786157,1,14.366139594261867,1,0,12.18228586431681
-0.5071594325561477,1,9.061892532988201,1,1,12.510494165038413
-0.5025994159987562,0,7.308901197030251,1,0,4.439165654497415
-0.010100199652063007,1,11.057285936755306,0,0,15.133913878091265
-0.4704081761467579,1,9.277847771244291,0,0,14.551578609755213
-2.2241975764658464,1,9.437407986765285,1,0,5.992341430087735
0.5217650655041294,1,8.939586145552928,0,1,20.266893448551652
-0.6377762519980454,1,11.875807503421333,0,0,13.54064838136675
-1.7859253428857762,0,11.110040083205819,0,0,5.354700374457305
-1.2784040425860312,1,9.993290742238704,0,0,9.606821355278978
-1.187448864971359,1,6.0341042550813135,0,0,9.729759472731914
-1.3649623133589066,1,12.287752544089344,1,1,11.591909911852634
-0.4567200078047207,1,10.552653784210737,1,1,12.774180295804804
1.1769770344795325,1,6.866691729537801,0,1,18.835125799116522
0.366346787083081,1,8.701431589481976,0,0,15.639256105041602
-0.3955019976755924,1,8.302412958709462,0,0,13.297537120709544
1.5144076605254146,1,10.911343574535598,0,1,21.572497194249223
-0.5927270712845112,0,7.642599820851602,1,1,6.928074489588438
-0.4760438355675344,1,10.60535495709797,0,1,17.537981864824317
-0.84610732599453,1,10.13641909633449,0,0,13.91939578222676
-0.22476764178745784,0,6.506249428567843,0,1,12.12452532744154
0.5644287469909892,1,7.918433675872327,1,1,16.928477665507312
-1.5305112020871374,1,11.234347642067956,0,0,12.936718500060737
-0.7528734887253545,1,10.860966220789928,0,0,16.02186197887711
2.194666405161291,1,11.292349182495848,0,0,19.418011497422544
-1.0456797562646578,0,9.364028738273417,0,1,10.88627848365309
0.311201770138623,1,11.804882820912736,0,0,16.93878935285871
-0.18489664474848802,1,7.644434107171723,0,0,13.670858009166407
-0.007089089892104181,1,8.568967240853757,0,0,12.575505012578947
-0.22297309521442055,1,12.895271326761605,0,0,16.862863003195745
-0.6852749350931376,0,9.806704213134086,0,0,7.481428912923903
0.18388013778366064,1,8.402895004040305,0,0,13.512694671731833
0.15769871905703267,1,7.438007884098905,1,1,15.454167192246361
0.9219052759796604,0,10.252795121708274,0,1,12.943212924249753
2.4316310936556405,0,12.054021558516078,0,0,13.954312227431494
-0.31500046196718545,0,6.2550952732842475,0,1,10.984881091053046
1.5989103936465694,1,10.655618296576316,0,0,16.194115766948087
1.6533921050772384,1,10.904108874845027,0,1,22.910272649663455
0.2468301909949305,1,11.654054887744026,0,0,17.12761621145005
-1.1407577617052447,1,10.256427481264089,0,1,18.931348941213702
0.17395676708037555,1,10.944499983744489,0,0,15.311500873267947
-1.496823531882599,0,11.030028733231184,0,0,7.618338843718303
-0.16813887591359752,0,12.469376556987129,1,0,6.562409944189235
-0.8226197613413093,0,11.745023965063044,1,0,5.9645874553078775
0.7715748273674461,0,9.758514131391426,0,0,11.241429903555078
0.15710657563638142,1,8.35163906871721,0,0,15.719925181335205
-1.9867059512303908,1,6.105783879158508,0,0,10.880898657743487
0.46207180492336575,0,11.510109289829185,0,0,10.169533319854924
0.9200085437864719,0,6.282458488034928,0,0,10.411274931375482
-2.0713659493803798,0,9.270878036826266,1,0,2.260996806551426
0.8379779016268778,0,11.484463002017261,0,0,11.695590550796307
-2.211877459336814,1,9.266040366988536,1,0,6.8967051905011045
-0.6404043271401975,1,8.590779214063874,0,0,14.616419300377448
-0.0885570658436478,1,9.955013453582868,0,0,16.087427273446462
0.1834284652762533,1,10.517445826340433,0,1,19.687415106226812
-0.13862347508517675,1,9.646103416881632,0,0,15.418020644446267
1.2973533491948253,0,9.09875155443157,1,0,7.546770575078848
0.8305113028529545,1,13.627073563440472,0,0,17.928081923596594
0.11837779119698785,0,11.399999807909616,1,0,7.960722400420789
0.5769673603151074,0,6.955148527007497,0,0,10.075215176108854
-1.089235583575958,1,9.045409999745912,0,0,13.437137076920903
-0.046442350607800345,0,6.160624485488995,0,1,11.172703764617484
-0.3379558494048718,0,10.904932609318939,0,0,11.41482048861922
1.412360868276784,1,8.642495389386498,1,0,12.774614542827607
-0.23757772844924097,1,9.259125223699993,0,0,13.686771302234003
0.6901547960986238,0,9.43641161132129,0,0,13.725569036589018
-0.40473019352885026,0,9.83830790621358,0,1,11.671047541743956
-1.347112922996795,0,13.02176805174901,0,0,7.842622809524219
0.5127100568817253,1,12.158586858383831,0,0,15.617130378602958
0.5237011817891438,1,9.16966477513675,0,0,14.998173682974773
-0.27005666717201215,0,6.14406934909875,0,0,8.118907868309202
-2.553512872566332,0,13.72953568554926,0,0,6.785479971714435
-0.9853196221785266,0,9.929070951919863,0,0,8.194292559001216
1.296872274552014,0,11.042239963164006,0,0,12.127184488784653
0.7841139972048071,1,9.914143580241317,0,1,20.42100183189559
0.7422172869894278,1,10.462818011476024,1,1,15.678067458012968
0.6028481108728521,1,13.217734322365223,0,0,16.835692600066942
0.09745514749588266,0,12.578701772377686,0,1,14.81461275949504
0.18668027745516083,1,8.463745751906746,0,0,13.977912965055802
1.2896503031040207,0,11.357366773874418,0,0,14.94910252214818
-0.9593657861904994,0,10.423372884620207,0,0,8.247808940234174
1.294240626138715,1,11.258802964392665,1,1,16.537278438469926
0.5548107612392951,0,8.163602017247984,0,0,11.39120406881689
-1.0794947390707,0,6.180237507144936,0,0,6.256632413501337
0.21688185263233836,1,11.39510844581448,1,1,15.697212507252763
0.5130497333932098,0,8.971613022744497,0,0,9.421491095856442
-0.06543011766950754,1,9.001455101364591,0,1,18.70565360718038
-0.641266029377764,0,10.637271237621006,1,0,3.2807184541588033
-1.3212489401268142,0,8.301010732812086,1,0,1.2261437003799451
-1.0559788246476263,0,7.513276574139232,0,0,7.6272094046395935
-0.38171184159109417,0,10.164711933151406,1,0,5.529090974046109
-0.8880775222398304,0,10.033620475005987,0,0,9.40522954551384
1.0897423034572202,0,11.236705773277372,0,1,16.024793899289367
0.17828205662537805,0,8.830387682476708,0,1,13.645387175702847
-1.6446800797749206,1,10.144010182803799,1,0,9.268020623096886
0.5060057386890885,1,8.595618703540467,0,0,15.584705303117477
0.3480644331882383,0,10.87605021319502,0,0,9.855850292419753
0.13208754879228526,0,10.823263089167574,0,0,11.798369843307905
0.42705270688459424,1,12.360639046357758,1,1,18.269951914164338
0.7704433285702904,1,10.743562981301167,0,0,17.03907464836315
0.7246867472335498,0,9.671043336454725,0,0,11.410315751047767
0.945372186504114,0,12.459785103438769,0,0,11.751788549940956
0.838601961746298,0,9.007790330529241,1,0,8.187606144574392
0.7228637402257486,0,9.858769259464799,0,0,10.146351112961996
0.511724320109378,1,8.586522099627329,0,0,13.54634525458856
-0.35983515406037675,1,10.323565737153352,0,0,14.760506358785332
0.3573397744682136,0,6.894575686948384,0,1,13.28331985251328
0.32134174153483064,1,8.203839527596582,1,0,9.699874632528594
-1.503275040147254,1,9.13683027084623,0,0,11.632339882081435
-1.0085827671813974,0,11.339529803019456,0,0,7.313154586754108
-1.4807450902371404,0,10.95930907265683,1,0,4.61392602778601
-0.7565981678414141,1,8.459510624777437,0,1,15.335483762697988
0.7642535640263238,1,9.320714043025472,0,1,21.207679547844627
0.27562740071121505,1,9.266806520338385,0,0,13.511592569801577
-0.821743965697011,0,10.993611326650349,0,0,8.615320319856567
-0.04258942061021988,0,9.801032163742553,1,1,9.287386107402504
-0.03828974457692388,1,8.782716691522623,0,1,17.54031433651247
-0.4396055741688285,0,9.23778373909471,0,1,13.09594755204251
-0.8136098672539492,1,17.62806480717454,0,0,15.95708073164299
-0.19374942470099107,1,8.607805035659,0,1,17.554674152870426
0.5427626375261467,1,10.844728000292863,0,0,16.62782936523299
0.03984443329844422,1,9.024308429972029,0,0,14.678520549166915
0.574912694823081,1,11.91411130712265,0,1,20.55245295685522
1.6117622788746342,1,10.736296405125747,0,0,18.132130515553968
0.8539592912215672,0,9.458929068334038,0,0,11.620531205579889
0.9710824878556246,0,12.276450578962026,0,0,13.47867445096357
-0.6386763452291486,0,8.501012539883915,0,0,7.591406517147414
1.640780395912284,1,9.460663472965239,1,1,18.035481694458223
0.028120951658114648,1,13.727004358889445,0,1,18.443976124846028
0.30709666892496756,0,8.080879864198234,0,0,12.21972502739876
-2.371653301757554,0,11.28820269632894,0,0,6.029504966887924
-0.6794863832301925,0,7.763143907912748,0,0,6.816047446514126
0.17497651858624974,1,11.55204013651857,1,1,16.47880211367775
-0.8823489668512124,0,10.549542551783487,0,0,7.689597092211521
-0.4106245696779723,1,8.834709187971374,0,0,14.290445719857052
-0.5672224315328898,0,8.889286699162273,0,0,9.457365949983682
1.5081601113562995,1,7.541072227598891,0,0,17.626440104071307
-0.47974158373528225,0,8.400811540853587,0,0,7.56356933691063
-0.9686699009888243,0,11.952401018142007,0,0,10.067497106652118
0.38820995148506954,0,8.91588114736521,0,0,11.63674641857614
-0.8872849264389925,1,10.6411526104184,1,1,13.423337764833875
1.0674500730855017,0,8.71364819013492,0,1,13.73868932577426
-1.0132362713405214,1,8.121049161834515,0,0,12.09662094217257
0.2454842657735218,0,8.222346275780046,0,1,12.087321625842922
-0.815673395902421,0,11.656650105167081,1,1,8.395834001472178
0.15498103762273244,0,11.716000124972904,0,0,9.945773897999393
0.8923693300370655,1,7.953985104781237,0,1,18.79837677367376
-0.47056202240619993,0,10.139910906238079,0,0,7.553103687076753
1.4678598470555784,1,6.60904349532202,1,0,10.236183022670021
1.5121996594817062,0,12.238121952161672,0,0,15.079045533870456
-0.0844316066759394,0,11.601540197759604,0,0,9.11270161807535
0.28797805791300535,0,9.126156924221622,0,0,10.868789530545333
-0.7731255515849424,1,13.764616452054563,0,0,15.682648014982638
1.8414135833602852,0,7.456067022549496,0,0,13.593875965455863
1.9170502872083977,1,8.643348818108597,0,0,18.050350991058195
0.7102247459428446,1,11.056013123106853,0,0,18.445711887717394
1.47341637113073,0,5.111940194537107,1,1,10.99290881914437
0.3115624593264602,1,9.36578138715861,0,0,15.529611508783274
-0.3017014230128336,0,7.748411117129461,0,0,8.19810978829874
1.150650632781334,0,10.950495775310221,1,0,9.659633550613497
-1.7480616230131043,1,9.223458992098571,1,1,11.325015260341948
-0.676537468719396,0,9.041341185884786,1,1,5.956246152743468
-0.05337055696453966,1,7.745193651414953,0,1,17.623022319016098
-1.9819324917745589,1,5.2916673472993585,0,0,8.995062914795941
0.7154989845518417,1,10.974074247265879,0,1,19.475402428095475
0.7253792348417089,0,13.797508059368877,0,0,14.223757389069881
-0.24180755191525513,0,4.754574534717367,0,0,7.362381918053048
-0.1291642146317017,0,10.423670218701064,1,1,11.536020823374589
-0.7342163963608992,1,10.848284141171199,0,0,12.919135958239327
0.012794496791029127,1,9.646135771170618,1,1,14.251202224100993
-0.47342017009391824,0,10.782537729808425,0,0,9.022147931709524
0.733910514712724,0,9.58502988731202,0,1,15.256465973003868
-0.19689944986265742,1,10.715972382897913,0,0,16.194915890949833
0.8918289344550008,1,9.520022425535654,1,1,15.032684251038498
-2.640734259118974,0,11.772086577558575,0,0,4.604454183829828
-1.2444256299142045,1,9.647716470237743,1,0,8.337842860072746
-0.16116712249212217,0,12.977226125768413,0,0,11.617137177058725
3.0341532890612393,0,11.082434218139468,0,1,20.171186721414067
-1.3358835619838376,1,7.058321344470935,0,1,14.960369467315271
2.156758370125781,0,9.99315010339512,0,1,17.22280832686529
0.4507658098153915,1,8.805799017264322,0,0,13.691605475361614
1.3361421328575882,1,8.112974657810824,0,0,15.722072946589433
-0.5370551846802952,1,5.860516588963711,0,0,12.253479655315466
0.48291468805497684,0,10.72286146657817,0,0,10.668485116700523
0.09780486833098294,0,9.309403257180673,0,0,9.269400811550343
-0.5387865711706203,1,11.955502776786998,0,0,15.117790162115943
-0.42218431822117974,0,8.866585765796144,1,1,8.496468878654053
0.012399716598507457,1,5.760749054429505,0,1,18.12209064908284
0.5202876446459938,1,6.404502972012647,0,1,18.570557535725786
0.44353993639060213,0,10.263885428957103,0,0,10.635988138775074
-0.8953191514889983,0,8.560713021669208,0,0,8.180828047591653
0.3752406274963384,1,6.49679210152837,0,0,11.929297068078714
-0.11910516509037536,0,10.481170743389647,0,1,15.538960702408069
-1.7533813771920508,1,7.1385201896037636,1,0,6.183885830411258
1.4497854113085284,1,9.166317349065048,0,0,17.28305008156675
0.3745947707680555,1,11.889205648944072,0,0,15.756725237618753
0.44426743780885997,0,10.320020207175483,0,0,11.51145752813495
0.7277292856292872,0,11.50597601593685,1,1,12.196082029183046
-0.18159164017086732,1,10.875019422314482,0,0,15.370673824214359
-0.8162340090727761,0,11.391667955763062,0,0,8.86348765852669
0.10218349406013646,1,11.371615996545522,0,1,21.02753105367385
-0.4511961385594895,1,9.193421332804997,0,1,16.13417988055237
0.7872089933133515,1,8.180055886129027,0,1,20.124686805469707
-0.6914721387915843,0,11.190307059692774,0,0,9.810635773882582
1.0310394957067732,0,10.664537469970323,0,1,15.199661452760868
-1.5218928055236114,0,9.679612084002391,0,0,6.3281127836209805
0.5642487723793471,1,12.325374702670029,0,1,20.694762879733712
-0.03992138642005541,0,14.73332505719624,0,0,12.830125448408749
0.7585451405066448,0,8.045256674988334,0,0,11.499992466916385
0.8432007025565018,0,7.80482090238484,0,0,11.447528703268944
-0.068634761104787,0,14.753035263786078,0,0,12.020013990909181
0.6909312505732081,1,6.867410367247913,0,0,16.6119631379322
0.2829518886275756,1,8.910525310263044,0,0,16.08607475801991
2.059055340635088,1,11.753846471107199,0,1,23.438346883540255
-0.4108561649711176,1,5.895826152526033,1,1,11.461729365304743
-0.06247106432885865,0,10.007233191317141,1,0,7.164335671587706
0.6455080678794152,1,9.54521723523853,1,1,15.459644251583722
0.9024242713323974,0,13.349376693858218,0,0,13.011065396731215
-1.09774904981401,0,10.20676655416241,0,1,12.155277275765409
-1.475505232098084,1,3.9287749367967004,0,0,10.341520582370599
1.2432177094119163,0,8.702111742326498,0,0,12.978549477281351
-0.46704667394615207,1,8.765694878451242,0,0,13.323539280295797
-0.6061934207359373,0,10.545944699246627,0,0,9.344205153451965
-0.13347365827142507,1,6.428689061621481,0,0,13.88637429192223
-0.8189067371956521,0,11.190878813791452,0,0,9.014025052237558
-0.9989680751216516,0,10.138018023080257,0,0,9.041070310462446
0.7031398661523048,0,11.133360432638842,1,0,7.322687819176742
-0.5049217991576165,1,10.559644481134814,0,0,14.445091765783655
0.040159877687907276,0,10.79218278675624,0,0,10.037166498545622
-1.3432851077390187,0,11.99452874951654,0,0,9.345607749463209
-0.4143799956125973,1,9.555621508015516,1,0,11.375717411354758
0.45886503998563155,1,10.42773436296384,0,0,16.64181436436362
-1.3213673614245574,0,6.634941610278364,0,0,7.930651042555841
-0.2854868388845499,1,9.895869737914616,0,1,18.60223710237609
-0.19413638876567504,1,12.237340925990045,1,0,13.411285314663719
0.6304143310064726,0,12.16443427472587,0,0,11.775855146524833
0.05839866682053986,0,9.465581387776142,1,0,5.841973926075926
-0.7172118492572509,1,12.025752335865562,0,0,13.907937202711198
1.059684558431465,0,10.383453901058514,0,1,15.640413377513728
-0.5161252158162851,1,4.272095404701912,0,0,11.483010226670904
-1.6227210281933273,1,10.228367159987725,0,0,12.444814837215473
0.004568150289961647,0,6.134912313781034,0,1,12.172486224927006
-0.3237083571198996,0,10.446489004248562,0,0,9.457259830760822
0.45360389397915485,0,8.909162854603215,0,0,9.660285404272784
-0.1939849308961746,1,7.046962057979444,0,1,15.166334737150619
0.373392619157857,0,13.881352757051403,0,0,13.32945429006014
-1.551589553083567,1,10.125036787380344,0,0,11.431550190247068
-0.3998470579123152,0,8.625884743907989,1,1,8.630759882196283
0.29254711723213894,0,6.897367127208447,0,0,10.338732004620422
-0.6887259252741567,0,11.494406671000439,0,0,8.435753197855684
0.9026371999285226,0,11.757828227748274,0,0,12.554134458154321
-1.5245445794096266,0,8.11699356428631,0,0,7.815239396955321
0.25460236645982093,1,9.817101428175395,1,1,16.817312700622903
-0.3618107315104064,0,8.615757953889238,1,0,3.845004048412271
-0.540108317420329,0,12.196150909060638,0,0,10.90317768229924
0.3386832901400047,1,10.501530550256758,0,0,14.834034229505248
-0.23108621416914016,0,10.224767822444207,0,0,10.95124018258245
-0.30765233039042456,0,12.428212197142335,0,0,10.151277061998195
1.3181439329014244,1,13.456113228055903,0,1,23.542928097247476
1.532622266959466,0,11.913574986648028,0,0,14.412113322304968
-0.8537157636325355,0,12.462312574644942,0,0,9.679244666962195
-0.1959779452802566,0,9.083904604717889,0,0,9.950619750323163
-1.010986389823725,1,10.925656809363643,0,0,13.98074249776667
-1.1373101243142165,0,9.57115823133267,0,0,7.139872799266537
0.5669424149905885,1,13.555251897169224,0,1,21.2514234885467
0.023264784010715137,1,6.5120016905487725,0,1,18.105166553162213
0.6365063357388917,1,9.408857821188285,0,1,16.843428261928544
-0.8593843569123906,1,9.606400529268537,0,0,13.238128239509601
0.8084226824572499,1,14.010974046874468,0,0,19.061261389890703
0.04155688743512188,0,9.898899930963395,0,0,10.246301614008729
-1.004228977734169,1,11.589649212706318,0,0,13.130374995947768
-0.5534589122495515,1,9.790944971439014,0,0,15.639389496638291
1.8140262053952727,0,10.491040146100513,0,0,13.589464355497059
0.43348658608443225,1,7.354322183691696,1,1,15.081548637316127
1.0394009631239607,1,11.517544902537043,0,1,21.535504744163898
-0.08131944393368934,1,11.90042702293401,0,0,16.504874842076052
-1.2622568146948756,0,9.82315818077683,0,0,7.189413869405339
1.201166370548105,0,8.272850986801647,0,0,12.705401014588737
0.5635728233012868,1,11.446630712978694,1,1,15.669343003376644
0.532582711043703,1,9.514698144548792,0,0,16.70094445812893
0.21262625528012696,0,10.292772628826071,0,0,11.226161697433009
0.3870465282490718,0,12.359933329096478,0,0,12.313410902128703
0.5110244712728094,0,10.875097405610116,0,0,10.997988446574347
-1.7278116463071853,1,8.42130830347126,1,0,6.346998814714023
1.714827220569874,1,14.28180662490962,0,1,21.486210934204145
0.9386963554190342,0,6.344698078858838,0,0,10.415276746591898
-0.6527941902920904,1,10.316402127120625,0,0,14.751756558872296
0.07259621785683643,1,12.223661243731117,0,1,19.581960516852746
-1.556990353195225,0,5.756482302288185,0,0,5.408305263684354
0.03723355826058873,0,11.900412126079846,0,0,9.69892757524388
0.39641973389747565,0,11.64488082680779,1,0,7.335552289818384
1.1089632368219788,1,6.291566442249043,0,1,18.395698544246052
0.05020829370663899,1,9.436819506572306,1,1,12.510466942363596
-0.20044621095482412,1,8.481324324019495,0,0,13.807674627891155
-0.30391709902844255,0,8.185332695484492,0,0,7.556760623497171
0.037807722255632406,1,9.874936087329537,0,0,13.716609792482158
-0.28450203461183315,1,9.886825047393561,0,0,15.764400409535922
0.582123611193534,1,12.777970238696598,0,0,14.96031037958942
0.32822139955828644,1,7.789338231288727,0,0,14.130950687707923
0.23243444328101495,1,11.501372945902158,1,0,12.099519502744911
0.15421868300774288,0,11.218397270711453,0,0,12.105990750729418
1.9133281248583829,0,8.470508514228547,0,0,13.221721610842932
-1.0752735462964216,0,9.437887864833224,0,1,11.21666588225016
1.0085523609413758,1,9.24785182945272,0,0,17.201682735874616
-1.2721092978436788,1,12.235477622626034,0,0,12.962402434202033
3.215445516945814,0,10.257467289783119,0,1,19.307037701200837
-0.3959518499135782,1,9.842722437165703,1,1,13.975153659888935
0.004657710118611388,1,11.727065859933319,0,1,18.699822109235335
0.2631535747861298,0,11.095650013301766,1,1,10.690944630060187
0.562786352681928,0,11.817405993554852,0,0,11.579032663355566
-1.0078753926713606,0,8.7797985751043,0,0,6.15546364888732
1.6793764892125171,0,10.522490625501199,0,0,14.234320299443025
-0.11531178299426235,1,8.148519417953516,1,1,16.167740485978257
0.5011151047531182,0,15.247736106613868,0,0,12.6948938516424
1.9474028400599541,0,12.490392279196096,0,0,16.164126019653416
-0.751156342596045,0,13.467650926899548,0,0,10.295287373334975
1.3240616437938129,0,6.589147549519745,0,0,10.589208215479147
1.7745551250758405,0,7.850415879155239,0,1,15.863314011050486
0.6271481846627224,1,11.659174117138072,1,0,14.682072601087972
-0.43777746274152735,0,11.770907759069782,0,0,11.398099504118749
2.250133405729859,1,8.659708069376817,0,1,22.44633869468747
1.3668252036654351,0,9.295110420303272,1,0,7.972346392264059
-0.38869106588904206,1,7.643198246430245,1,1,11.536872049393793
0.08165290371021224,0,11.41140896256865,0,1,13.07304173684853
0.9959133782207982,1,11.994832582193586,0,0,17.562252214923433
0.7040104170333992,0,10.604923165944118,0,0,12.265161896196291
-0.5521778177829849,1,10.578263831651975,0,0,13.98562128877437
-0.17168488855298272,1,1.586683702281242,0,0,11.059993059030338
1.3108310123567486,0,10.210555197686636,0,0,13.985892174307628
0.754578475449888,1,4.785541628162181,1,1,11.253814355180548
-2.1408133760762764,0,12.050691163845569,1,0,3.0177522354471686
2.664389293401925,1,9.87506781508368,1,1,19.64041302669314
0.3958189888583457,0,9.868860758364727,0,0,11.215169006102672
-0.2010224226750428,0,7.029016742663653,0,0,7.319140586632279
-0.020641159462983893,1,9.668936214975586,1,1,13.9677646099897
0.7798492863337545,1,11.559804292724834,0,0,16.918599184892102
-0.7353686097093604,0,8.779807341459833,0,1,10.753943355677475
0.04893935232718722,0,8.019715022263668,0,0,7.5539795793015925
0.9595043960602562,1,11.526108894500965,0,0,18.31944392660095
1.0017543476561428,0,7.282055097299271,0,0,11.153388670759865
-0.5380580854240867,0,8.406050854760608,0,0,6.796505685534817
0.33758286441335034,1,12.155770096010542,1,1,16.58519320456675
0.9019316389444327,1,10.11848479066416,0,0,19.257267889991674
-0.07560406902513458,1,7.590000800711935,0,0,15.138767686525787
2.053021259047589,0,8.527552585975581,0,0,13.77976968102623
1.2803151301533149,0,11.119353151760556,1,1,12.193849781566492
-0.6509953973436182,0,9.731882687606616,0,0,9.515603152068861
-0.22668254938541996,1,8.891402770533569,0,0,13.120061965548334
-0.7672185970289622,1,8.563804361129804,1,0,9.145845531179901
0.33129427335727485,0,9.54813360437472,0,0,10.108646130706068
0.3073654008118945,1,10.627689351777338,0,0,15.686814520648035
0.17619592807483672,1,6.5143573395132535,0,1,17.973741090472885
0.17748943840348833,1,13.428368688117889,0,0,16.884428149441113
0.34412897906762846,0,12.108157146556604,0,0,10.81529077396957
-1.0649993635912731,1,10.701412434202087,0,0,13.186606792190405
2.209679825769137,1,11.299050370103139,0,0,19.66997650477953
-0.4916164296878058,0,6.1910682358389355,0,1,10.889069372935982
0.4403423440114717,0,9.781157592942959,0,0,10.458862924270123
-1.197833532421475,1,10.995840697204965,0,1,17.49171229546383
0.8296967216706022,0,9.847370447541168,0,1,13.444591346892103
-0.33116438211786414,1,12.132471062685667,0,1,21.096602361081732
0.11298315447570184,0,9.6249354776268,0,0,9.61417347591908
0.8650478703852482,1,11.370961618533242,0,0,15.374344005037077
-0.07916383053033507,1,10.798168397470791,0,0,15.01245777282419
1.222159191183471,1,11.448579294413134,0,1,22.215687581559806
0.8758615819234394,1,11.510887565755644,0,0,17.503701309698815
0.8818524490930552,1,10.268077226335333,0,0,18.774045592678494
0.5473000515558876,1,9.355952345581771,0,0,15.870176457339632
1.4967137006827054,1,9.733938633666101,0,0,19.548998692497854
-0.3025653996336251,0,13.044841480483615,0,0,9.579233994903712
1.0163899437456387,0,7.709566343097765,0,0,10.224086465904664
-1.4067565038178151,1,7.961975575396826,0,0,8.773621994885557
1.5292094734212067,1,7.388780675749681,0,0,17.840755971737188
1.0303037557415502,0,9.0518932247179,0,0,11.302911565407314
-0.8714449733851162,0,11.106631361203963,0,0,9.145008264165842
0.34388198445384743,1,8.198000583660942,0,1,20.068784734758985
0.797095697250193,0,12.259998818767976,0,0,13.162784008435247
0.5113196145463874,1,11.333907762676247,0,0,16.88967473724718
-0.26716684371946725,0,13.479741933435545,0,0,12.139006582896304
-0.04202814712866744,1,9.262658973553652,1,1,14.426469519642367
0.8680859050461402,0,10.816844646280503,0,0,11.810662406220464
-0.17454952474643617,0,10.167725553497066,0,0,9.095166739751457
0.20592420802684638,1,11.915927183810537,1,1,16.574596917826003
0.7380293348798522,1,6.247564808351621,0,0,13.04143354946472
-0.6441020600264533,0,9.24524777882,0,0,8.967355670811003
-0.3021730255771877,0,8.710898326516899,0,0,9.315736870176194
-2.1601466509533154,1,10.079067691432483,0,0,11.776972507082453
-0.8393751990943457,0,11.429917503562727,0,0,8.479264635839863
-2.121076578501334,0,8.655122388521832,1,0,1.6672168147769657
0.46585643122343434,1,8.800069441299597,0,0,14.408188666704516
1.272008557469853,1,10.157312289133905,0,0,17.747824234245872
-0.6520436849496231,0,10.877080044361248,0,0,8.92358113467342
-0.49035467760559903,0,8.360303006387758,0,1,12.066902531107024
-2.1949551296881413,1,15.079834149584176,0,0,14.732563233935661
0.44609899068617115,1,7.274744105310678,0,1,16.772524756387963
-0.6237889366368542,1,10.250021348997409,0,0,13.595916165339828
-0.5750801831495037,1,7.607029273777744,0,0,12.728396133373716
0.09789501438739996,1,7.070650957262398,0,0,15.360016384991775
-0.5729746329848746,1,11.774196014324131,1,1,12.77421908133794
0.393794829384806,0,9.829360037576363,0,0,10.848349737958316
0.12620112185068177,1,8.487227538030458,0,0,13.428465692048494
-0.04202477113153755,1,10.261524939687883,0,0,16.5284722308635
0.8910030880446876,1,14.91728852248075,1,0,15.53108127771954
0.028870911294508184,1,11.54896620974823,0,1,19.115287897105876
-1.3588367522267504,1,12.245432554819319,0,0,15.266240382741234
1.1658530093953987,1,13.227285999906137,0,0,19.425676579633954
0.7064507414412649,0,12.925970358512025,0,0,13.73261173672474
0.3189868218921149,1,8.400537501597984,0,0,17.575413740264374
-0.9641462028058548,0,10.764346581316769,0,0,9.73607203402768
-0.7504082499443389,0,6.737099839444803,0,0,6.3946799886130075
0.0723430930771468,0,10.681505889413433,0,0,11.077258506143002
0.5976179834063736,0,9.64521981818579,0,0,10.279889649901413
-1.45347497050366,0,9.33512077107275,0,0,8.038769125967928
2.209156241227325,1,11.093556408230548,0,0,20.97093769654025
-0.6195135687853892,1,7.9091704185280225,0,0,10.768269061059303
0.5236754338642836,0,8.917259255265494,1,1,8.088730886958766
0.2323368355831042,0,10.303044145614363,1,1,10.323010894035116
1.6083931772523126,1,9.525332713484902,0,0,17.882011763358218
-0.6777051809960972,1,7.663685813428529,0,0,12.101187424017784
-0.8914827822406765,1,7.299866693899363,0,0,13.361790157093475
-0.5125503854373886,1,9.078563384252469,0,1,17.545923875627082
-1.4681467959909342,1,9.394167045932859,1,0,6.8356263693105515
1.532914834498218,0,10.673220232703427,0,0,12.167008215414661
0.9588681676429006,0,7.3551383596368805,0,0,11.888514582396475
-0.059593478921180824,1,10.999199013584304,0,0,16.227274096726
-0.5538873897096284,1,4.879349865000945,0,0,14.004911261720828
1.3662867589651924,0,8.65616901924901,0,0,11.596785357899048
1.2031524402146285,0,8.021297323237514,0,0,11.920877919991058
-0.8090118912985598,1,7.520750181721053,1,0,8.867318772882037
0.6810499906656038,1,12.403869640867477,1,1,16.51232531151809
0.1704367140638248,0,5.971823716731471,1,1,8.894395391473155
-0.9159194674667898,0,11.328109374462917,0,0,9.01152962392246
0.019775349156905413,1,11.353279731285255,0,0,15.509792532491787
0.12771968657372568,1,8.763381956284782,0,0,14.230725740548724
1.0218860544152812,1,8.319108582357256,1,1,16.035457918495705
0.48958840683719335,1,11.715780794790433,0,1,20.919063009049232
-1.4121177005352024,0,11.511287179835644,0,0,7.736979752212778
-0.6674320844525365,0,12.370602798051959,0,0,10.653422258873322
0.2035618349796547,1,11.859889130499585,0,0,15.862893194596245
-1.3412630617406913,1,11.411115020862377,0,0,13.721560135137508
1.0793818370919932,0,5.25608342808459,0,1,13.355672136890513
-0.7749993459405913,0,12.409358936306498,0,0,10.380766569868095
-0.830712888272181,0,8.065918915136532,0,1,9.803204755638223
-0.30483463764077534,1,9.878155864169482,0,0,14.060748002552453
-1.0150086552464852,1,7.846377604468688,0,0,11.895602711397983
-0.8814264945971203,1,10.323823066200685,1,1,12.525662683718823
1.9146103418678115,1,11.136762567800272,0,0,19.18005569149353
0.41534628526914597,1,9.34837212655455,0,0,16.34900356959167
0.7321645673023615,0,13.118514782001782,1,1,12.5608899155127
-0.6320008131899917,0,12.50158537214083,0,0,9.873513942727046
-0.6768064276586502,1,10.561161357092372,0,0,14.387747560661028
-1.2626049766902114,1,8.153309154706971,0,1,15.658896913305584
-0.363617571928761,0,12.935896282902341,1,0,6.370673584088009
0.7330703074123412,0,9.645067996875348,0,1,15.036882435466678
1.3488586342418334,1,9.101926481953662,0,0,18.082845480825586
-1.524194413280816,1,10.443052544198121,0,0,12.959250155782112
-2.2309271249208424,1,5.502270271009726,0,0,6.94183729977707
0.886176938123234,1,10.706442343467609,0,0,15.6227489066768
-0.6706674086924871,1,10.955741717936549,1,0,9.098660012427272
0.40585239195031314,0,9.491477877724131,0,0,12.302974912158964
0.6746175558675643,1,9.21333141879187,0,1,19.213084862414703
1.155513096846035,1,10.31387380302858,0,1,20.688484135810675
-0.2223948030120566,1,10.508427032239325,0,0,14.040252036381903
0.15179917861154105,0,11.721682374074305,0,0,11.308081378991409
-0.9484475308257343,1,9.336494351049012,0,0,14.775653056251667
-0.8993781328972208,0,7.621052177889942,0,0,5.733832335016671
-0.24721092826751465,0,11.191575293220103,0,0,10.754024619294249
-1.5632444681655489,1,13.332553942557384,0,0,14.708484416713732
-1.867990664835386,1,11.448623310646598,0,0,12.72447675513014
-0.38371499033660167,0,9.450547517958437,0,0,9.018180069951296
0.9577519342496091,0,7.741111236196004,0,0,11.461500433557022
0.4890543048685138,0,9.298796166450746,1,1,10.699651595207333
1.6210203551878883,1,10.958626199650567,0,0,18.84055412687456
-0.45397682184346916,0,9.480865910683464,1,0,4.253595080052425
0.18415032021530398,1,10.11115926747023,0,0,15.347186187734208
0.9609468016951498,1,10.810774875858288,0,1,20.745726433715422
1.0310803835177755,1,10.015252361951296,0,1,20.12665677602044
-0.7630212016964822,0,12.104086105524889,1,0,5.762806516771665
0.04846823152126966,0,9.151383581589016,0,0,9.816549811660025
0.08079143319534887,0,11.500537375860658,0,0,8.288612565687608
-0.7059384498530032,0,10.548198655070266,1,0,5.759713996294573
-0.20921769553988617,1,10.621815794860115,0,1,19.24190891630713
-0.5349108009446006,1,9.142265903837165,0,0,12.557529387727284
-0.9083060057653216,1,8.468966239151195,0,0,12.080874290404106
0.06610261049933833,1,3.961829985248352,0,1,14.071813311758138
-0.3870692004775963,0,10.579709186965811,0,0,10.214311671043681
0.8356196702497061,0,13.609037812224386,0,0,11.345393399016302
0.3649847444564993,0,8.454106240431301,0,0,9.423501535434305
0.25378148324079175,1,9.471648278043526,0,1,19.62034791386314
0.21164540168706686,1,7.369559915161625,0,1,17.94314935371471
-0.6932745327785236,1,10.78700713594013,0,0,14.361054349868315
0.5267012951265145,0,13.138305939902773,0,0,12.592117981913464
2.104139776585412,0,11.453523720262549,0,0,15.601173746177487
-0.9755679664645039,1,11.12681710625312,0,0,13.05354487942723
0.09722998837399713,0,13.408818171336927,1,1,11.867505891522525
1.451281453388203,1,10.133487343185497,0,0,17.770992714117156
1.553142036611871,1,10.169742638636443,1,0,15.391862966381504
0.6934016963791129,0,12.902300033428066,0,0,12.984851944784488
2.0619917655741586,0,10.30324512163139,0,0,14.948388277097717
-0.21048825225048748,0,12.562794545973317,0,1,15.31638007582394
-0.712340667290068,1,13.747258391446213,0,1,19.991743375763367
1.0966551334341161,1,10.58721372429488,0,1,20.13855762396423
0.5337248458679615,1,8.726638959232163,0,0,14.544050740601847
0.11257401754525889,1,9.09053986658007,0,0,16.770048413630807
-1.269956657122821,0,10.241666340025956,0,0,5.89961275420869
0.5649233678497246,0,12.206927304497018,0,0,12.071891090423314
1.0941039506236216,0,7.192563989974457,0,0,10.505366564869327
-1.6135070899709614,1,11.045502014373577,0,0,13.096012791847171
0.7263729609096736,1,14.512374876921644,0,0,17.41854161431379
-0.12234662448158108,0,9.08086377297913,0,0,9.136688347557081
0.8592057248172288,1,10.40229146690511,0,0,18.348361478189247
0.8032430176123565,0,5.422511198334751,0,1,13.599247663384915
-0.9794345028868546,0,9.076637104239225,0,0,7.923852180214156
1.1660860914395579,0,8.808154332339274,0,0,10.974491952102111
-0.6167106426065743,1,11.009271446344108,0,0,12.49553491191168
0.5327405582547184,0,8.57789519699162,0,0,10.830980882391874
-0.0864369719407439,1,10.349341538115642,0,1,16.6183251259939
0.580999217020503,1,10.18263115767079,0,0,17.082274581481894
-0.16459328184482716,0,9.597404173454441,0,1,15.216647818871982
-1.2170008698332266,0,10.852155723261117,0,0,6.966818335922634
-0.7425483370007412,1,8.256804412762023,1,1,12.580304882633781
1.003128367915197,1,13.196498984284524,0,0,17.29524134084435
-1.1532517015987436,1,6.3618563329771245,1,0,5.320624860291828
-1.5827681902797908,0,10.77138446827155,0,0,6.962148213786884
-0.6409341612305505,0,10.25261233370112,0,0,8.91385620115919
-0.19826749139164987,1,16.188842318063834,0,0,17.63197779455602
2.080492780270604,1,10.546633588331545,0,1,25.613278542307224
-1.278251168370716,1,12.442307833955212,0,0,14.812988743576046
-0.8188095974109083,0,6.240347142914416,0,0,5.351485658601164
0.4905168106898531,0,9.210163526274439,0,0,10.900485734779974
0.7009283781421735,0,10.697449169358837,0,0,11.954997996007942
-0.8077140703929646,0,10.301056001398404,0,0,8.137287728287916
0.30747120860110566,0,11.125962774938719,0,0,10.703065899881722
0.5457326040879878,0,11.190309104339649,0,0,13.144332336706936
-0.5456848736364003,0,8.526682031318662,0,0,7.49523406065869
-0.7175240563107456,1,10.832875644915584,0,0,15.954050987954693
0.5220256199072805,1,11.633112453593505,0,1,20.390115099633192
-0.7315081724207312,0,12.333515647586974,0,0,8.530346972029673
-1.1381705704966953,1,11.419394962210099,0,0,13.752601636442156
-0.8024724027685585,1,12.61573178845852,0,0,13.560696272926402
-0.3630181960426224,0,12.57895338881433,0,0,12.27524703009608
0.4202165544957246,1,8.085782479390947,0,0,16.400312832178994
0.07551444584044852,0,14.621330436349048,0,1,16.956334684220963
0.33318934720035875,1,11.19497922480074,0,0,14.92209378345191
2.0452894625958753,0,9.250673765382496,0,0,15.50823211416912
1.842425941056234,0,7.437729221038519,0,0,12.445398880649742
-0.08644872727094186,1,10.62576819293281,0,0,15.432934017513263
0.13076708798467404,1,8.14786670961332,0,1,16.06973596801262
1.1356665605781562,1,8.717125261313416,0,0,16.450380623579417
-1.1554099977289038,0,7.963290743055849,0,0,6.919585016987942
0.42281617683706524,0,10.386799143195107,0,0,12.425843547093626
1.8865608714080235,1,13.367319327057238,0,0,20.116416190644603
0.19879402847172062,1,8.354369068382619,0,1,15.252012621344736
-1.237175941376186,1,12.760794552101041,0,0,13.822137931859427
-1.6992391588358249,0,13.001535078356124,0,0,7.95667681892064
-1.105937158752549,1,9.462188173961417,0,1,14.573042784054207
0.016459301653513683,0,11.1530212329166,1,0,6.7072967216558315
-0.7667738061037435,1,13.83532260463863,0,0,13.623223368786283
-0.6209490954458794,1,8.916186354108971,1,1,14.412503014139238
-0.8247345211691217,1,7.903309947664879,0,0,12.925294319809032
-0.5935747475498033,1,7.016114607518185,0,0,14.265952981373038
0.5275600802804253,1,12.213217952057207,0,0,18.383232608042285
-1.3958993355636218,1,11.609251096969809,0,0,12.357659702926231
-1.1704611828930185,1,10.413208596367527,1,0,8.855703949773211
-0.5803194248296604,1,8.197925697028099,0,0,12.38734777955487
0.10843295529565775,1,9.352391287844803,0,1,17.898707492040014
0.7022651709600596,0,7.453059768392526,0,0,10.458513788440259
-0.822255050539067,0,8.446213099361266,0,0,7.815493252903497
-0.9827831512040097,1,9.172164853249143,0,0,11.355714560099472
0.14654227044507384,1,7.591017648403792,0,0,14.608361296318087
0.14688306800432718,0,10.450866720404242,0,0,10.919047279983616
-0.292895852517957,1,11.029099900502816,1,0,10.795854491638257
0.2753431882947989,0,12.64140067146948,1,0,10.0728950780306
0.6302200127762475,1,10.658027390113402,0,1,18.07394328601283
-0.13948494883106316,0,15.668526296863629,1,0,8.014004595499028
-0.4550084456025211,1,7.699187740054746,0,0,12.067245533133898
-0.6238030479734952,1,11.63048810128366,0,0,15.861081977398369
0.2459589340452759,1,9.676009394672544,0,0,17.645565677418023
-0.49679994530726873,1,9.71567666287527,0,0,11.813049382429373
0.7923038336614001,1,8.35271237065399,0,1,18.82007093885794
-0.1009541108073787,1,7.859337022013857,1,0,12.116445942477887
-0.4493072475236759,1,8.913310302421765,0,0,13.888474687149627
-1.101497111194789,0,9.997549186939583,0,0,8.467669793302694
-1.0928600923135503,1,7.344754496016893,1,0,5.4852627780179075
-0.11649940554899832,1,9.70072786258996,1,1,14.473846633887975
-0.022523357174496286,1,12.573593832589433,0,0,15.870851234128402
0.3416784147009567,1,8.143736675462236,0,0,14.65402281163491
-0.28230809303926174,0,10.976581513560447,0,1,14.259554484911753
0.6344792076113424,0,7.674785951860254,0,0,8.993084652241105
-1.3962232229943583,1,8.048835016715302,1,1,12.613185093882135
0.07419758119911952,1,8.106399241068438,0,0,14.85190635078423
1.4446547288602267,1,12.265416610050224,0,1,20.821070095706286
1.2653995663969826,0,9.510759811769612,0,0,11.905641358854309
1.8544983057494646,0,9.05407148943183,0,0,13.68743596721383
1.5488120643140613,1,11.477354982828224,0,1,23.522647856058022
0.8942669841637486,0,7.191135050164226,0,1,13.67327802947262
-0.0683887434276874,1,9.853206272683341,0,0,13.723810750128607
0.439107427310363,1,8.732761858158522,0,1,18.9080420140051
-0.19280355334434035,0,9.00558972890872,0,0,9.376506239773152
1.2552796360989058,1,10.016428170934644,0,0,16.555384143902696
0.10302304718046083,0,7.085321683948681,0,0,8.389709889663976
-1.2111942011936465,1,11.352129940339541,0,0,12.717209664378357
0.7005960201240087,0,8.114851660221126,0,0,11.245570091601444
0.690286730482624,0,11.73783699111683,0,0,10.53457165976462
-0.24920319055570056,1,8.371430352441596,0,1,15.869769132109502
-0.5417858007270555,0,10.277744860751636,1,1,9.735782129389342
0.7645067253120987,0,11.832194377990627,1,1,10.953816206638653
2.032126743596909,0,10.039975084888148,0,0,15.93231720290186
-2.3220594409265685,0,7.519654853043262,1,0,0.6630885502754179
0.7843818216497065,1,10.308134895219297,0,0,15.710142642226055
0.11302419891534163,1,8.39709192554904,1,0,10.317838160149224
0.15701248729261766,1,9.29888591741501,0,0,14.931549406367713
-0.2408472486202615,0,11.06141234363671,0,0,12.532094417267773
-0.45541361825919535,0,7.6751353802952735,0,0,7.766734865258808
1.1531103619495298,1,13.517347836432558,1,0,14.943013975212185
0.5379420550737778,0,11.799410530676749,1,1,12.995842235731184
0.7977664800081535,1,9.818960843247234,0,1,19.3156241651496
-0.04344180678129183,1,17.42783544733425,0,0,18.654937709844006
1.09134763894676,0,9.993837412661467,0,0,12.423112713140089
-1.5799780814203017,1,10.582664961398388,0,0,13.193756978865498
1.223189705686019,1,9.870954710574189,1,1,16.852862473647594
-1.464619255351774,1,10.870990462994214,0,0,12.053141605759453
0.6545197902296009,1,11.942201883374027,0,0,17.805000048543153
-0.10628867210382274,1,12.50821800097318,0,0,16.369727366593345
0.5144010425261084,0,12.599692182792474,0,0,11.05072232192055
1.203765972141954,1,10.705837813194796,0,1,20.838531245478812
-0.3983622190928227,1,11.343606821234419,0,0,15.601496282580335
-1.1389573453360573,0,11.044002923525465,1,0,4.480695708455152
-0.537373021110911,1,8.762140717303668,0,0,14.346821169344292
-0.2121901549699728,0,12.644060636030561,1,0,8.696029228045255
-0.4076496647275204,0,10.641915890261798,0,0,9.566333348198143
-1.0892621388126495,1,8.542121315957065,1,0,7.754831153472182
-0.011703953010596924,1,9.329922288409557,0,0,13.022640169893418
0.13960567774414925,0,8.98829771445678,0,0,10.83615667015232
-0.8522468748380335,0,8.376944872211403,0,0,6.310685645471291
0.9955759708062962,1,7.0514031539064925,0,0,15.133465985397004
0.9614163005627113,1,6.18706145471115,0,1,18.94915032259833
0.05741453786311478,0,10.350703610176657,0,0,9.67562552362897
-0.5098205828775598,0,9.917404708128092,0,0,10.54431463029976
0.47358204329628134,1,6.386674184037272,1,1,14.353839500612718
0.2995789339848889,0,9.059149435711038,0,0,8.54493693681113
-0.9609541020867056,1,8.113700285811497,0,0,12.76430598930638
-0.9530568738869676,1,8.477530246842711,0,0,10.656149781709331
-0.4216858136614669,0,8.849678130079868,0,1,10.043022499955976
0.2545713769478226,1,11.003021065798317,0,0,14.61636676776899
-0.9534382563207172,0,12.291838446971763,0,0,9.658054986949146
0.5552229078612272,1,11.855454449563922,0,1,21.033771253150473
0.7652587071123108,0,6.7512751103011555,0,0,9.474483401486689
0.024501907628480507,0,10.457372057354187,1,0,5.116507767630797
-0.20085561966204,0,7.914831271162814,1,0,5.113592733302751
0.9974972413043777,1,7.765663529387397,0,0,15.053257079907148
0.6941784997331202,0,11.432599438739185,0,0,13.285605777918143
-1.1742324464119878,0,11.342687857667455,0,0,7.3873634327779385
0.08184206529176752,0,8.900615139689291,0,0,10.055104408387615
-0.18046821864017668,1,10.163934727191263,0,0,16.238947960743793
0.5846391861166573,0,14.453314947375386,1,1,13.321451438915709
0.804427253268125,0,10.636382136513962,0,0,9.621957273589754
-1.5890760968619488,0,8.168786359764905,0,0,3.69549394498831
2.058664646396728,1,7.550292037160034,0,1,21.233714812041132
-2.401225347510119,1,9.815058923450044,0,0,10.057758363042897
-0.7653152597556899,1,10.161911067711438,0,0,12.835275093798494
2.235381481196616,0,8.965960686786653,0,0,13.44854565528274
0.37028842600171274,1,11.571139016484151,0,0,15.483855142550512
1.556445853559797,0,11.246868382737,0,0,14.209835519391165
-0.5495625903301845,0,9.348450713854652,0,0,9.260944883080612
-0.651496966981406,0,11.120529091917573,0,0,9.438469931312037
0.39279658714684074,1,9.266591986024439,0,1,18.610973377039905
-1.5292834242333568,1,12.690756275452104,0,0,14.079952348776763
-0.6082958251082473,1,11.064449040918152,0,0,14.775309939276914
0.4559195928486249,0,10.140407858682329,0,1,15.584436637110327
-0.5869753339238842,1,6.079816127818702,0,1,15.378004309733424
0.6286835417906108,1,11.848268783280515,0,1,22.230497628890493
-0.7509504103089798,1,10.09180139211679,0,0,12.221384303777864
0.6808551217982102,1,12.001319863817827,0,0,18.178987009657234
1.1430414293529843,1,10.114752401027674,0,1,20.756492553789315
-1.4251302537324069,0,12.49689709882669,0,0,10.4575057777733
-0.26337542408476006,1,10.4052026746489,0,0,14.110658540580614
-0.918351701045966,1,10.374678045041968,1,1,11.415571044333115
-0.0100570436725098,0,6.692692345196669,0,0,9.06265623165001
-1.279626905082436,1,10.566396605017013,1,0,7.660747855828014
0.679645006346313,0,11.9720451519048,0,0,12.130332379070412
-0.026952819386225742,1,11.787281888749627,0,1,20.309190735771725
-0.5301287941530929,0,12.973691655154777,0,0,8.747082876759375
-0.24951748250591368,1,8.198489799932887,0,0,12.191799184231744
0.1637167301071469,1,9.27808538403047,0,1,20.401567875451246
-2.3890307962189583,0,10.755463872400341,0,0,6.243941068142093
-0.7850764858325453,1,9.540398103719703,0,0,14.519533998371974
-1.4688088997419344,1,8.340470441551526,1,0,9.712586508509883
-0.2502785557871367,0,7.1080292123034345,0,1,12.458898831363975
0.050256688278292966,1,8.244034905454562,0,0,13.589616111272338
1.5317633225364196,1,11.893231679674749,0,1,22.556472306238597
-0.25733025661726033,0,12.562802059225389,1,1,8.775408299897917
-1.5604110825748343,1,9.346593401571186,0,1,15.350741523897984
0.9732302997655857,0,11.019608761571781,0,0,12.764788344142753
-0.54523252726639,0,5.999581891951539,0,0,6.867797227269159
0.09727741989272885,1,10.936822574021281,0,1,20.1075212638494
1.3560604968737544,0,11.164102426804194,0,0,12.906669555863596
-0.9787632206056921,0,8.542120295469116,0,0,9.072189532189778
-1.2531347244489368,0,11.396377351957776,0,0,9.184890757529688
0.25044584618837507,0,11.910758096678904,0,0,11.204919489845413
0.39072098169218145,1,13.401221877826725,0,0,16.27894749864789
-0.7139176795739764,0,11.033390689044879,0,0,9.320381880705293
-1.6816904581672052,0,8.706453725992233,1,0,1.5976963792595509
-0.7833359699001221,0,12.709086737021735,0,0,8.6823030881564
1.445837336087044,0,14.018201697422718,0,0,14.44992648092168
-0.6726058072277329,1,4.1855315529359265,0,1,12.360052407751528
-0.4273973652291027,1,12.247517372691096,0,0,14.74646599796521
-1.1068435245112274,1,8.768015026452314,0,0,10.884431688985101
0.7527281323341022,1,11.018416505080701,0,1,20.346201665873558
-1.1805984179721338,0,12.760940083513425,1,0,6.478231905692638
-0.9422742386750894,0,9.734998993157154,0,0,7.361771736276128
1.0027597093380076,1,8.470020949610204,0,0,15.886564084684979
-1.8260415497079765,1,9.181671115136746,0,0,10.94610868253084
0.11982117320353014,0,10.402774364104946,0,0,9.70927218610794
0.38722168007200103,1,11.983627616496241,1,1,16.840962467159564
1.3023127603511302,0,11.768109353906238,1,0,9.723981648898775
-0.7084428534876124,0,10.891451609950725,1,0,4.216856133182431
-0.8583566027103526,1,12.371992247071717,0,0,13.062735890887852
-0.2862890484391734,0,6.7434512701637646,0,0,9.37946528362728
1.2295210799551581,0,7.7544658714537835,0,0,11.56506312968573
0.8984571771605241,1,9.157177817993295,0,1,20.84876899940546
-0.7933638408771811,0,9.98675418993267,0,0,9.062518846833802
-0.22501113841295686,0,11.782394250479523,0,0,9.745447264541976
-1.1661420632238173,1,8.811225790165093,0,0,12.359842338488509
-1.6476576787591524,0,13.09054743336803,0,0,9.175958921811041
2.119541201632173,0,11.0019543043216,1,1,13.645562448408944
-0.7305351389246048,0,6.0980474411592045,0,0,4.463802796201575
0.3214403676719232,0,10.157063062485559,0,0,12.477357313739999
0.20498159104012975,1,9.633217562965635,0,1,17.353077760861527
1.1471997462662116,1,10.895925717615805,0,0,17.058581201113466
0.5755758088307172,0,8.692072561316683,0,0,10.334586342269793
1.7047015975495856,0,12.91519361133342,1,0,12.002263631823064
-1.2330318567693037,0,9.650164555139224,1,0,3.27759657553803
-1.0845687649874005,0,8.72676486893017,0,0,7.6348412593152775
-1.6452328579716622,0,10.784666029030436,0,0,6.702272999304182
-1.1064373249025437,1,7.825546905073182,0,1,15.325706461292869
-0.8534844024670811,0,11.63611645572475,1,1,8.356473882393004
-2.1318983151593742,1,10.72811125548667,0,0,11.382451631288616
-1.9017838500831206,0,11.88064175523365,0,0,8.527505687850178
0.10254182040514243,1,12.279961227421854,1,0,12.168308010051046
-0.41805540324441187,1,11.698961832710069,0,0,12.35793558887145
0.8185958048256678,1,8.23269652168485,0,0,16.88752636602247
-1.8064460508639526,0,10.51007021129763,0,0,7.548341805292246
-0.033342102106159274,0,13.242999627304227,1,1,13.474606104326742
-1.2458999940398665,0,14.416967115283729,0,0,9.078245682813527
0.18418936082056042,0,14.753040298377723,0,0,12.578831191796212
-2.3952692304155723,0,9.26922676181664,1,0,0.9220854039027438
1.5123004186363092,1,12.178481650188186,0,1,22.341831739351743
-0.40977836891837627,0,11.216657897036715,0,0,9.456548762251476
1.918368252748233,1,14.420689051502979,0,0,20.153591827224353
0.4648157140757172,1,10.141327928316883,0,1,19.38742074874784
1.0859723783579143,1,5.666248051411124,0,1,18.61818258130162
1.010542703410279,1,12.6418699921448,0,0,19.19203697718173
0.31426694708331526,1,12.391278892635214,0,0,14.901381383252033
0.015667202055203597,0,5.572465894172665,0,0,6.7030324431881425
-0.6719509142227854,0,9.123615098132273,0,0,8.628836028349335
0.7493651433790571,1,12.276018554908887,0,1,21.186865784065137
-1.427139012757083,0,11.652407592048657,0,0,8.801552712303922
-1.1944088224796632,1,8.061807124354818,0,1,15.697176770643004
0.16119342621593075,1,10.504826033470225,0,0,14.144066156499324
-0.4119331036309165,0,9.706773971240535,0,0,10.225832848739982
-0.6287236107222697,0,7.6028621267420124,0,0,7.60718928627424
-0.38606349445362464,1,9.432093804969337,0,0,14.167308040435344
0.48828180138121924,1,11.936467115935105,0,0,17.923370683136316
-1.0568625365323632,1,7.984001729210593,0,0,10.604657800245056
0.9830583870919245,0,10.168793875525171,0,0,12.405573657276786
-0.5385153126963218,0,6.754071670268123,1,0,4.954941774639378
0.14166238949508633,1,9.353000869139116,1,0,11.932970760201565
0.9781733145437728,1,10.865561878421955,0,1,20.33329068410513
-0.47071592904030624,0,10.351056040040786,0,0,8.711785295985704
0.7489385791170501,1,8.56558442832467,0,0,14.314250586320503
0.2439003634956878,1,8.376395159102948,0,0,14.426023245767302
-0.6903367200851634,0,10.127755742241552,0,0,8.497524870145996
0.4823331243217359,1,8.469659804091362,0,1,18.939856180798543
0.7034711295451217,0,11.132200018166008,0,0,12.211992597988257
0.5328433533653942,0,12.077684220361236,1,1,9.893566897276925
2.1925534473404933,1,10.501248427980908,1,1,19.660684317431862
1.3946988715240733,0,12.775823071020682,1,1,13.330654531217705
0.26877794657006143,0,8.651087721140042,0,0,10.594418636068836
-0.851617601178957,0,8.27181514734588,1,1,9.40450137809117
-0.994436931274485,0,7.458748114092979,0,0,7.915640016721654
-0.3820264277587708,1,6.320475154555577,0,1,16.648360913586316
-1.321855383446061,1,9.427042663947304,0,1,15.31998063793063
-0.9146787466639156,1,13.490425236846244,0,0,15.50330377160281
-0.5549223823720804,1,10.231119484516055,0,0,12.028132793734594
-0.7407316740456098,0,9.304941721636144,0,0,6.095611021945726
0.34993465505443205,0,8.522676043905797,0,0,8.470426350611817
-0.33459443271182915,0,11.404270336239838,0,1,12.618679728498552
-0.6290224619437441,1,9.292438012181705,1,1,12.888295586011882
1.2610215941335743,0,8.525560432650993,0,0,12.114710656475031
1.0924423271055321,1,8.821529394517018,0,1,20.46104856461126
-1.206415826727677,0,8.988276641416386,0,1,11.2113022426862
-0.17140077412945018,1,7.665021834314976,0,0,14.202876412866763
-1.091866660019367,0,13.182490214985073,0,0,9.252556776116402
-2.098682948320591,0,9.477963827137565,0,0,5.256340170133072
0.05696245871393634,0,10.202748567836874,0,0,11.620023581453834
